recordID,canteenID,timestamp,peopleCount
1,01,1/1/2026 8:30,12
2,01,1/1/2026 9:30,5
3,01,1/1/2026 10:30,8
4,01,1/1/2026 11:30,28
5,01,1/1/2026 12:30,28
6,01,1/1/2026 13:30,8
7,01,1/1/2026 14:30,1
8,01,1/1/2026 15:30,0
9,01,1/1/2026 16:30,3
10,01,1/1/2026 17:30,14
11,01,1/1/2026 18:30,14
12,02,1/1/2026 7:00,6
13,02,1/1/2026 8:00,6
14,02,1/1/2026 9:00,0
15,02,1/1/2026 10:00,1
16,02,1/1/2026 11:00,12
17,02,1/1/2026 12:00,27
18,02,1/1/2026 13:00,13
19,02,1/1/2026 14:00,1
20,02,1/1/2026 15:00,0
21,03,1/1/2026 7:00,6
22,03,1/1/2026 8:00,5
23,03,1/1/2026 9:00,0
24,03,1/1/2026 10:00,1
25,03,1/1/2026 11:00,11
26,03,1/1/2026 12:00,24
27,03,1/1/2026 13:00,11
28,03,1/1/2026 14:00,1
29,03,1/1/2026 15:00,0
30,04,1/1/2026 7:00,4
31,04,1/1/2026 8:00,4
32,04,1/1/2026 9:00,0
33,04,1/1/2026 10:00,1
34,04,1/1/2026 11:00,8
35,04,1/1/2026 12:00,17
36,04,1/1/2026 13:00,8
37,04,1/1/2026 14:00,1
38,04,1/1/2026 15:00,3
39,04,1/1/2026 16:00,2
40,04,1/1/2026 17:00,0
41,01,2/1/2026 8:30,92
42,01,2/1/2026 9:30,38
43,01,2/1/2026 10:30,59
44,01,2/1/2026 11:30,202
45,01,2/1/2026 12:30,199
46,01,2/1/2026 13:30,59
47,01,2/1/2026 14:30,5
48,01,2/1/2026 15:30,1
49,01,2/1/2026 16:30,23
50,01,2/1/2026 17:30,107
51,01,2/1/2026 18:30,108
52,02,2/1/2026 7:00,48
53,02,2/1/2026 8:00,46
54,02,2/1/2026 9:00,3
55,02,2/1/2026 10:00,9
56,02,2/1/2026 11:00,96
57,02,2/1/2026 12:00,197
58,02,2/1/2026 13:00,92
59,02,2/1/2026 14:00,9
60,02,2/1/2026 15:00,0
61,03,2/1/2026 7:00,43
62,03,2/1/2026 8:00,43
63,03,2/1/2026 9:00,3
64,03,2/1/2026 10:00,9
65,03,2/1/2026 11:00,85
66,03,2/1/2026 12:00,181
67,03,2/1/2026 13:00,85
68,03,2/1/2026 14:00,8
69,03,2/1/2026 15:00,0
70,04,2/1/2026 7:00,28
71,04,2/1/2026 8:00,28
72,04,2/1/2026 9:00,2
73,04,2/1/2026 10:00,6
74,04,2/1/2026 11:00,59
75,04,2/1/2026 12:00,136
76,04,2/1/2026 13:00,60
77,04,2/1/2026 14:00,6
78,04,2/1/2026 15:00,18
79,04,2/1/2026 16:00,19
80,04,2/1/2026 17:00,0
81,01,3/1/2026 8:30,31
82,01,3/1/2026 9:30,12
83,01,3/1/2026 10:30,19
84,01,3/1/2026 11:30,70
85,01,3/1/2026 12:30,66
86,01,3/1/2026 13:30,19
87,01,3/1/2026 14:30,2
88,01,3/1/2026 15:30,0
89,01,3/1/2026 16:30,8
90,01,3/1/2026 17:30,36
91,01,3/1/2026 18:30,35
92,02,3/1/2026 7:00,14
93,02,3/1/2026 8:00,14
94,02,3/1/2026 9:00,1
95,02,3/1/2026 10:00,3
96,02,3/1/2026 11:00,31
97,02,3/1/2026 12:00,68
98,02,3/1/2026 13:00,28
99,02,3/1/2026 14:00,3
100,02,3/1/2026 15:00,0
101,03,3/1/2026 7:00,14
102,03,3/1/2026 8:00,13
103,03,3/1/2026 9:00,1
104,03,3/1/2026 10:00,3
105,03,3/1/2026 11:00,28
106,03,3/1/2026 12:00,60
107,03,3/1/2026 13:00,29
108,03,3/1/2026 14:00,3
109,03,3/1/2026 15:00,0
110,04,3/1/2026 7:00,9
111,04,3/1/2026 8:00,8
112,04,3/1/2026 9:00,1
113,04,3/1/2026 10:00,2
114,04,3/1/2026 11:00,19
115,04,3/1/2026 12:00,42
116,04,3/1/2026 13:00,19
117,04,3/1/2026 14:00,2
118,04,3/1/2026 15:00,6
119,04,3/1/2026 16:00,6
120,04,3/1/2026 17:00,0
121,01,4/1/2026 8:30,28
122,01,4/1/2026 9:30,12
123,01,4/1/2026 10:30,18
124,01,4/1/2026 11:30,68
125,01,4/1/2026 12:30,67
126,01,4/1/2026 13:30,20
127,01,4/1/2026 14:30,2
128,01,4/1/2026 15:30,0
129,01,4/1/2026 16:30,8
130,01,4/1/2026 17:30,36
131,01,4/1/2026 18:30,33
132,02,4/1/2026 7:00,14
133,02,4/1/2026 8:00,14
134,02,4/1/2026 9:00,1
135,02,4/1/2026 10:00,3
136,02,4/1/2026 11:00,28
137,02,4/1/2026 12:00,64
138,02,4/1/2026 13:00,29
139,02,4/1/2026 14:00,3
140,02,4/1/2026 15:00,0
141,03,4/1/2026 7:00,13
142,03,4/1/2026 8:00,13
143,03,4/1/2026 9:00,1
144,03,4/1/2026 10:00,3
145,03,4/1/2026 11:00,26
146,03,4/1/2026 12:00,58
147,03,4/1/2026 13:00,29
148,03,4/1/2026 14:00,3
149,03,4/1/2026 15:00,0
150,04,4/1/2026 7:00,9
151,04,4/1/2026 8:00,8
152,04,4/1/2026 9:00,1
153,04,4/1/2026 10:00,2
154,04,4/1/2026 11:00,19
155,04,4/1/2026 12:00,40
156,04,4/1/2026 13:00,18
157,04,4/1/2026 14:00,2
158,04,4/1/2026 15:00,6
159,04,4/1/2026 16:00,6
160,04,4/1/2026 17:00,0
161,01,5/1/2026 8:30,128
162,01,5/1/2026 9:30,54
163,01,5/1/2026 10:30,90
164,01,5/1/2026 11:30,287
165,01,5/1/2026 12:30,284
166,01,5/1/2026 13:30,90
167,01,5/1/2026 14:30,7
168,01,5/1/2026 15:30,2
169,01,5/1/2026 16:30,34
170,01,5/1/2026 17:30,162
171,01,5/1/2026 18:30,153
172,02,5/1/2026 7:00,62
173,02,5/1/2026 8:00,64
174,02,5/1/2026 9:00,4
175,02,5/1/2026 10:00,13
176,02,5/1/2026 11:00,136
177,02,5/1/2026 12:00,296
178,02,5/1/2026 13:00,140
179,02,5/1/2026 14:00,12
180,02,5/1/2026 15:00,0
181,03,5/1/2026 7:00,59
182,03,5/1/2026 8:00,62
183,03,5/1/2026 9:00,4
184,03,5/1/2026 10:00,12
185,03,5/1/2026 11:00,123
186,03,5/1/2026 12:00,268
187,03,5/1/2026 13:00,121
188,03,5/1/2026 14:00,12
189,03,5/1/2026 15:00,0
190,04,5/1/2026 7:00,38
191,04,5/1/2026 8:00,40
192,04,5/1/2026 9:00,3
193,04,5/1/2026 10:00,8
194,04,5/1/2026 11:00,89
195,04,5/1/2026 12:00,192
196,04,5/1/2026 13:00,89
197,04,5/1/2026 14:00,9
198,04,5/1/2026 15:00,28
199,04,5/1/2026 16:00,26
200,04,5/1/2026 17:00,0
201,01,6/1/2026 8:30,101
202,01,6/1/2026 9:30,41
203,01,6/1/2026 10:30,67
204,01,6/1/2026 11:30,237
205,01,6/1/2026 12:30,220
206,01,6/1/2026 13:30,67
207,01,6/1/2026 14:30,6
208,01,6/1/2026 15:30,1
209,01,6/1/2026 16:30,26
210,01,6/1/2026 17:30,126
211,01,6/1/2026 18:30,121
212,02,6/1/2026 7:00,51
213,02,6/1/2026 8:00,48
214,02,6/1/2026 9:00,3
215,02,6/1/2026 10:00,10
216,02,6/1/2026 11:00,103
217,02,6/1/2026 12:00,223
218,02,6/1/2026 13:00,104
219,02,6/1/2026 14:00,9
220,02,6/1/2026 15:00,0
221,03,6/1/2026 7:00,46
222,03,6/1/2026 8:00,48
223,03,6/1/2026 9:00,3
224,03,6/1/2026 10:00,9
225,03,6/1/2026 11:00,91
226,03,6/1/2026 12:00,200
227,03,6/1/2026 13:00,95
228,03,6/1/2026 14:00,9
229,03,6/1/2026 15:00,0
230,04,6/1/2026 7:00,28
231,04,6/1/2026 8:00,31
232,04,6/1/2026 9:00,2
233,04,6/1/2026 10:00,6
234,04,6/1/2026 11:00,66
235,04,6/1/2026 12:00,141
236,04,6/1/2026 13:00,66
237,04,6/1/2026 14:00,7
238,04,6/1/2026 15:00,21
239,04,6/1/2026 16:00,20
240,04,6/1/2026 17:00,0
241,01,7/1/2026 8:30,103
242,01,7/1/2026 9:30,44
243,01,7/1/2026 10:30,67
244,01,7/1/2026 11:30,224
245,01,7/1/2026 12:30,234
246,01,7/1/2026 13:30,64
247,01,7/1/2026 14:30,6
248,01,7/1/2026 15:30,1
249,01,7/1/2026 16:30,27
250,01,7/1/2026 17:30,117
251,01,7/1/2026 18:30,118
252,02,7/1/2026 7:00,49
253,02,7/1/2026 8:00,52
254,02,7/1/2026 9:00,3
255,02,7/1/2026 10:00,10
256,02,7/1/2026 11:00,102
257,02,7/1/2026 12:00,217
258,02,7/1/2026 13:00,106
259,02,7/1/2026 14:00,10
260,02,7/1/2026 15:00,0
261,03,7/1/2026 7:00,49
262,03,7/1/2026 8:00,47
263,03,7/1/2026 9:00,3
264,03,7/1/2026 10:00,9
265,03,7/1/2026 11:00,94
266,03,7/1/2026 12:00,212
267,03,7/1/2026 13:00,100
268,03,7/1/2026 14:00,9
269,03,7/1/2026 15:00,0
270,04,7/1/2026 7:00,29
271,04,7/1/2026 8:00,30
272,04,7/1/2026 9:00,2
273,04,7/1/2026 10:00,6
274,04,7/1/2026 11:00,67
275,04,7/1/2026 12:00,139
276,04,7/1/2026 13:00,67
277,04,7/1/2026 14:00,7
278,04,7/1/2026 15:00,21
279,04,7/1/2026 16:00,21
280,04,7/1/2026 17:00,0
281,01,8/1/2026 8:30,96
282,01,8/1/2026 9:30,39
283,01,8/1/2026 10:30,60
284,01,8/1/2026 11:30,218
285,01,8/1/2026 12:30,215
286,01,8/1/2026 13:30,60
287,01,8/1/2026 14:30,5
288,01,8/1/2026 15:30,1
289,01,8/1/2026 16:30,24
290,01,8/1/2026 17:30,108
291,01,8/1/2026 18:30,108
292,02,8/1/2026 7:00,48
293,02,8/1/2026 8:00,49
294,02,8/1/2026 9:00,3
295,02,8/1/2026 10:00,10
296,02,8/1/2026 11:00,97
297,02,8/1/2026 12:00,202
298,02,8/1/2026 13:00,92
299,02,8/1/2026 14:00,9
300,02,8/1/2026 15:00,0
301,03,8/1/2026 7:00,45
302,03,8/1/2026 8:00,45
303,03,8/1/2026 9:00,3
304,03,8/1/2026 10:00,8
305,03,8/1/2026 11:00,87
306,03,8/1/2026 12:00,187
307,03,8/1/2026 13:00,91
308,03,8/1/2026 14:00,9
309,03,8/1/2026 15:00,0
310,04,8/1/2026 7:00,28
311,04,8/1/2026 8:00,27
312,04,8/1/2026 9:00,2
313,04,8/1/2026 10:00,6
314,04,8/1/2026 11:00,64
315,04,8/1/2026 12:00,138
316,04,8/1/2026 13:00,64
317,04,8/1/2026 14:00,6
318,04,8/1/2026 15:00,20
319,04,8/1/2026 16:00,19
320,04,8/1/2026 17:00,0
321,01,9/1/2026 8:30,136
322,01,9/1/2026 9:30,56
323,01,9/1/2026 10:30,84
324,01,9/1/2026 11:30,297
325,01,9/1/2026 12:30,278
326,01,9/1/2026 13:30,87
327,01,9/1/2026 14:30,7
328,01,9/1/2026 15:30,2
329,01,9/1/2026 16:30,33
330,01,9/1/2026 17:30,154
331,01,9/1/2026 18:30,151
332,02,9/1/2026 7:00,65
333,02,9/1/2026 8:00,62
334,02,9/1/2026 9:00,4
335,02,9/1/2026 10:00,12
336,02,9/1/2026 11:00,128
337,02,9/1/2026 12:00,295
338,02,9/1/2026 13:00,137
339,02,9/1/2026 14:00,12
340,02,9/1/2026 15:00,0
341,03,9/1/2026 7:00,58
342,03,9/1/2026 8:00,62
343,03,9/1/2026 9:00,4
344,03,9/1/2026 10:00,12
345,03,9/1/2026 11:00,116
346,03,9/1/2026 12:00,277
347,03,9/1/2026 13:00,117
348,03,9/1/2026 14:00,12
349,03,9/1/2026 15:00,0
350,04,9/1/2026 7:00,36
351,04,9/1/2026 8:00,38
352,04,9/1/2026 9:00,3
353,04,9/1/2026 10:00,8
354,04,9/1/2026 11:00,84
355,04,9/1/2026 12:00,182
356,04,9/1/2026 13:00,82
357,04,9/1/2026 14:00,9
358,04,9/1/2026 15:00,26
359,04,9/1/2026 16:00,27
360,04,9/1/2026 17:00,0
361,01,10/1/2026 8:30,34
362,01,10/1/2026 9:30,15
363,01,10/1/2026 10:30,23
364,01,10/1/2026 11:30,77
365,01,10/1/2026 12:30,75
366,01,10/1/2026 13:30,21
367,01,10/1/2026 14:30,2
368,01,10/1/2026 15:30,0
369,01,10/1/2026 16:30,8
370,01,10/1/2026 17:30,42
371,01,10/1/2026 18:30,41
372,02,10/1/2026 7:00,16
373,02,10/1/2026 8:00,16
374,02,10/1/2026 9:00,1
375,02,10/1/2026 10:00,3
376,02,10/1/2026 11:00,33
377,02,10/1/2026 12:00,72
378,02,10/1/2026 13:00,34
379,02,10/1/2026 14:00,3
380,02,10/1/2026 15:00,0
381,03,10/1/2026 7:00,16
382,03,10/1/2026 8:00,16
383,03,10/1/2026 9:00,1
384,03,10/1/2026 10:00,3
385,03,10/1/2026 11:00,30
386,03,10/1/2026 12:00,68
387,03,10/1/2026 13:00,31
388,03,10/1/2026 14:00,3
389,03,10/1/2026 15:00,0
390,04,10/1/2026 7:00,10
391,04,10/1/2026 8:00,10
392,04,10/1/2026 9:00,1
393,04,10/1/2026 10:00,2
394,04,10/1/2026 11:00,23
395,04,10/1/2026 12:00,49
396,04,10/1/2026 13:00,21
397,04,10/1/2026 14:00,2
398,04,10/1/2026 15:00,7
399,04,10/1/2026 16:00,7
400,04,10/1/2026 17:00,0
401,01,11/1/2026 8:30,34
402,01,11/1/2026 9:30,14
403,01,11/1/2026 10:30,21
404,01,11/1/2026 11:30,71
405,01,11/1/2026 12:30,69
406,01,11/1/2026 13:30,21
407,01,11/1/2026 14:30,2
408,01,11/1/2026 15:30,0
409,01,11/1/2026 16:30,8
410,01,11/1/2026 17:30,38
411,01,11/1/2026 18:30,39
412,02,11/1/2026 7:00,15
413,02,11/1/2026 8:00,16
414,02,11/1/2026 9:00,1
415,02,11/1/2026 10:00,3
416,02,11/1/2026 11:00,33
417,02,11/1/2026 12:00,68
418,02,11/1/2026 13:00,34
419,02,11/1/2026 14:00,3
420,02,11/1/2026 15:00,0
421,03,11/1/2026 7:00,15
422,03,11/1/2026 8:00,14
423,03,11/1/2026 9:00,1
424,03,11/1/2026 10:00,3
425,03,11/1/2026 11:00,29
426,03,11/1/2026 12:00,65
427,03,11/1/2026 13:00,32
428,03,11/1/2026 14:00,3
429,03,11/1/2026 15:00,0
430,04,11/1/2026 7:00,10
431,04,11/1/2026 8:00,10
432,04,11/1/2026 9:00,1
433,04,11/1/2026 10:00,2
434,04,11/1/2026 11:00,22
435,04,11/1/2026 12:00,46
436,04,11/1/2026 13:00,21
437,04,11/1/2026 14:00,2
438,04,11/1/2026 15:00,7
439,04,11/1/2026 16:00,7
440,04,11/1/2026 17:00,0
441,01,12/1/2026 8:30,128
442,01,12/1/2026 9:30,52
443,01,12/1/2026 10:30,82
444,01,12/1/2026 11:30,287
445,01,12/1/2026 12:30,290
446,01,12/1/2026 13:30,82
447,01,12/1/2026 14:30,7
448,01,12/1/2026 15:30,2
449,01,12/1/2026 16:30,30
450,01,12/1/2026 17:30,148
451,01,12/1/2026 18:30,147
452,02,12/1/2026 7:00,61
453,02,12/1/2026 8:00,62
454,02,12/1/2026 9:00,4
455,02,12/1/2026 10:00,12
456,02,12/1/2026 11:00,130
457,02,12/1/2026 12:00,284
458,02,12/1/2026 13:00,122
459,02,12/1/2026 14:00,12
460,02,12/1/2026 15:00,0
461,03,12/1/2026 7:00,57
462,03,12/1/2026 8:00,56
463,03,12/1/2026 9:00,4
464,03,12/1/2026 10:00,12
465,03,12/1/2026 11:00,119
466,03,12/1/2026 12:00,264
467,03,12/1/2026 13:00,123
468,03,12/1/2026 14:00,12
469,03,12/1/2026 15:00,0
470,04,12/1/2026 7:00,35
471,04,12/1/2026 8:00,36
472,04,12/1/2026 9:00,3
473,04,12/1/2026 10:00,8
474,04,12/1/2026 11:00,85
475,04,12/1/2026 12:00,177
476,04,12/1/2026 13:00,84
477,04,12/1/2026 14:00,8
478,04,12/1/2026 15:00,26
479,04,12/1/2026 16:00,25
480,04,12/1/2026 17:00,0
481,01,13/1/2026 8:30,108
482,01,13/1/2026 9:30,46
483,01,13/1/2026 10:30,76
484,01,13/1/2026 11:30,247
485,01,13/1/2026 12:30,241
486,01,13/1/2026 13:30,72
487,01,13/1/2026 14:30,6
488,01,13/1/2026 15:30,1
489,01,13/1/2026 16:30,27
490,01,13/1/2026 17:30,132
491,01,13/1/2026 18:30,134
492,02,13/1/2026 7:00,52
493,02,13/1/2026 8:00,56
494,02,13/1/2026 9:00,3
495,02,13/1/2026 10:00,11
496,02,13/1/2026 11:00,108
497,02,13/1/2026 12:00,243
498,02,13/1/2026 13:00,109
499,02,13/1/2026 14:00,11
500,02,13/1/2026 15:00,0
501,03,13/1/2026 7:00,50
502,03,13/1/2026 8:00,52
503,03,13/1/2026 9:00,3
504,03,13/1/2026 10:00,10
505,03,13/1/2026 11:00,100
506,03,13/1/2026 12:00,217
507,03,13/1/2026 13:00,105
508,03,13/1/2026 14:00,11
509,03,13/1/2026 15:00,0
510,04,13/1/2026 7:00,33
511,04,13/1/2026 8:00,34
512,04,13/1/2026 9:00,2
513,04,13/1/2026 10:00,7
514,04,13/1/2026 11:00,75
515,04,13/1/2026 12:00,152
516,04,13/1/2026 13:00,68
517,04,13/1/2026 14:00,7
518,04,13/1/2026 15:00,22
519,04,13/1/2026 16:00,23
520,04,13/1/2026 17:00,0
521,01,14/1/2026 8:30,105
522,01,14/1/2026 9:30,44
523,01,14/1/2026 10:30,65
524,01,14/1/2026 11:30,228
525,01,14/1/2026 12:30,232
526,01,14/1/2026 13:30,63
527,01,14/1/2026 14:30,6
528,01,14/1/2026 15:30,1
529,01,14/1/2026 16:30,24
530,01,14/1/2026 17:30,115
531,01,14/1/2026 18:30,118
532,02,14/1/2026 7:00,51
533,02,14/1/2026 8:00,52
534,02,14/1/2026 9:00,3
535,02,14/1/2026 10:00,10
536,02,14/1/2026 11:00,98
537,02,14/1/2026 12:00,227
538,02,14/1/2026 13:00,103
539,02,14/1/2026 14:00,9
540,02,14/1/2026 15:00,0
541,03,14/1/2026 7:00,48
542,03,14/1/2026 8:00,47
543,03,14/1/2026 9:00,3
544,03,14/1/2026 10:00,10
545,03,14/1/2026 11:00,97
546,03,14/1/2026 12:00,204
547,03,14/1/2026 13:00,94
548,03,14/1/2026 14:00,9
549,03,14/1/2026 15:00,0
550,04,14/1/2026 7:00,29
551,04,14/1/2026 8:00,31
552,04,14/1/2026 9:00,2
553,04,14/1/2026 10:00,6
554,04,14/1/2026 11:00,68
555,04,14/1/2026 12:00,144
556,04,14/1/2026 13:00,67
557,04,14/1/2026 14:00,7
558,04,14/1/2026 15:00,20
559,04,14/1/2026 16:00,21
560,04,14/1/2026 17:00,0
561,01,15/1/2026 8:30,108
562,01,15/1/2026 9:30,44
563,01,15/1/2026 10:30,69
564,01,15/1/2026 11:30,230
565,01,15/1/2026 12:30,237
566,01,15/1/2026 13:30,66
567,01,15/1/2026 14:30,6
568,01,15/1/2026 15:30,1
569,01,15/1/2026 16:30,25
570,01,15/1/2026 17:30,128
571,01,15/1/2026 18:30,120
572,02,15/1/2026 7:00,51
573,02,15/1/2026 8:00,51
574,02,15/1/2026 9:00,3
575,02,15/1/2026 10:00,10
576,02,15/1/2026 11:00,108
577,02,15/1/2026 12:00,221
578,02,15/1/2026 13:00,101
579,02,15/1/2026 14:00,10
580,02,15/1/2026 15:00,0
581,03,15/1/2026 7:00,49
582,03,15/1/2026 8:00,48
583,03,15/1/2026 9:00,3
584,03,15/1/2026 10:00,9
585,03,15/1/2026 11:00,101
586,03,15/1/2026 12:00,203
587,03,15/1/2026 13:00,99
588,03,15/1/2026 14:00,9
589,03,15/1/2026 15:00,0
590,04,15/1/2026 7:00,31
591,04,15/1/2026 8:00,31
592,04,15/1/2026 9:00,2
593,04,15/1/2026 10:00,7
594,04,15/1/2026 11:00,64
595,04,15/1/2026 12:00,142
596,04,15/1/2026 13:00,68
597,04,15/1/2026 14:00,7
598,04,15/1/2026 15:00,21
599,04,15/1/2026 16:00,21
600,04,15/1/2026 17:00,0
601,01,16/1/2026 8:30,116
602,01,16/1/2026 9:30,46
603,01,16/1/2026 10:30,76
604,01,16/1/2026 11:30,243
605,01,16/1/2026 12:30,242
606,01,16/1/2026 13:30,70
607,01,16/1/2026 14:30,6
608,01,16/1/2026 15:30,1
609,01,16/1/2026 16:30,28
610,01,16/1/2026 17:30,136
611,01,16/1/2026 18:30,128
612,02,16/1/2026 7:00,53
613,02,16/1/2026 8:00,55
614,02,16/1/2026 9:00,4
615,02,16/1/2026 10:00,11
616,02,16/1/2026 11:00,112
617,02,16/1/2026 12:00,239
618,02,16/1/2026 13:00,108
619,02,16/1/2026 14:00,10
620,02,16/1/2026 15:00,0
621,03,16/1/2026 7:00,49
622,03,16/1/2026 8:00,48
623,03,16/1/2026 9:00,3
624,03,16/1/2026 10:00,10
625,03,16/1/2026 11:00,109
626,03,16/1/2026 12:00,229
627,03,16/1/2026 13:00,106
628,03,16/1/2026 14:00,10
629,03,16/1/2026 15:00,0
630,04,16/1/2026 7:00,32
631,04,16/1/2026 8:00,34
632,04,16/1/2026 9:00,2
633,04,16/1/2026 10:00,7
634,04,16/1/2026 11:00,71
635,04,16/1/2026 12:00,151
636,04,16/1/2026 13:00,68
637,04,16/1/2026 14:00,8
638,04,16/1/2026 15:00,22
639,04,16/1/2026 16:00,23
640,04,16/1/2026 17:00,0
641,01,17/1/2026 8:30,24
642,01,17/1/2026 9:30,9
643,01,17/1/2026 10:30,15
644,01,17/1/2026 11:30,53
645,01,17/1/2026 12:30,52
646,01,17/1/2026 13:30,16
647,01,17/1/2026 14:30,1
648,01,17/1/2026 15:30,0
649,01,17/1/2026 16:30,6
650,01,17/1/2026 17:30,29
651,01,17/1/2026 18:30,27
652,02,17/1/2026 7:00,12
653,02,17/1/2026 8:00,12
654,02,17/1/2026 9:00,1
655,02,17/1/2026 10:00,2
656,02,17/1/2026 11:00,25
657,02,17/1/2026 12:00,51
658,02,17/1/2026 13:00,24
659,02,17/1/2026 14:00,2
660,02,17/1/2026 15:00,0
661,03,17/1/2026 7:00,11
662,03,17/1/2026 8:00,10
663,03,17/1/2026 9:00,1
664,03,17/1/2026 10:00,2
665,03,17/1/2026 11:00,21
666,03,17/1/2026 12:00,47
667,03,17/1/2026 13:00,21
668,03,17/1/2026 14:00,2
669,03,17/1/2026 15:00,0
670,04,17/1/2026 7:00,7
671,04,17/1/2026 8:00,7
672,04,17/1/2026 9:00,0
673,04,17/1/2026 10:00,1
674,04,17/1/2026 11:00,15
675,04,17/1/2026 12:00,33
676,04,17/1/2026 13:00,15
677,04,17/1/2026 14:00,2
678,04,17/1/2026 15:00,5
679,04,17/1/2026 16:00,5
680,04,17/1/2026 17:00,0
681,01,18/1/2026 8:30,34
682,01,18/1/2026 9:30,14
683,01,18/1/2026 10:30,23
684,01,18/1/2026 11:30,79
685,01,18/1/2026 12:30,78
686,01,18/1/2026 13:30,21
687,01,18/1/2026 14:30,2
688,01,18/1/2026 15:30,0
689,01,18/1/2026 16:30,9
690,01,18/1/2026 17:30,41
691,01,18/1/2026 18:30,40
692,02,18/1/2026 7:00,16
693,02,18/1/2026 8:00,17
694,02,18/1/2026 9:00,1
695,02,18/1/2026 10:00,3
696,02,18/1/2026 11:00,34
697,02,18/1/2026 12:00,75
698,02,18/1/2026 13:00,33
699,02,18/1/2026 14:00,3
700,02,18/1/2026 15:00,0
701,03,18/1/2026 7:00,15
702,03,18/1/2026 8:00,15
703,03,18/1/2026 9:00,1
704,03,18/1/2026 10:00,3
705,03,18/1/2026 11:00,33
706,03,18/1/2026 12:00,70
707,03,18/1/2026 13:00,33
708,03,18/1/2026 14:00,3
709,03,18/1/2026 15:00,0
710,04,18/1/2026 7:00,10
711,04,18/1/2026 8:00,9
712,04,18/1/2026 9:00,1
713,04,18/1/2026 10:00,2
714,04,18/1/2026 11:00,22
715,04,18/1/2026 12:00,50
716,04,18/1/2026 13:00,21
717,04,18/1/2026 14:00,2
718,04,18/1/2026 15:00,7
719,04,18/1/2026 16:00,7
720,04,18/1/2026 17:00,0
721,01,19/1/2026 8:30,107
722,01,19/1/2026 9:30,46
723,01,19/1/2026 10:30,74
724,01,19/1/2026 11:30,236
725,01,19/1/2026 12:30,245
726,01,19/1/2026 13:30,68
727,01,19/1/2026 14:30,6
728,01,19/1/2026 15:30,1
729,01,19/1/2026 16:30,27
730,01,19/1/2026 17:30,127
731,01,19/1/2026 18:30,126
732,02,19/1/2026 7:00,52
733,02,19/1/2026 8:00,55
734,02,19/1/2026 9:00,3
735,02,19/1/2026 10:00,10
736,02,19/1/2026 11:00,114
737,02,19/1/2026 12:00,240
738,02,19/1/2026 13:00,109
739,02,19/1/2026 14:00,10
740,02,19/1/2026 15:00,0
741,03,19/1/2026 7:00,48
742,03,19/1/2026 8:00,50
743,03,19/1/2026 9:00,3
744,03,19/1/2026 10:00,10
745,03,19/1/2026 11:00,98
746,03,19/1/2026 12:00,221
747,03,19/1/2026 13:00,105
748,03,19/1/2026 14:00,10
749,03,19/1/2026 15:00,0
750,04,19/1/2026 7:00,30
751,04,19/1/2026 8:00,33
752,04,19/1/2026 9:00,2
753,04,19/1/2026 10:00,6
754,04,19/1/2026 11:00,67
755,04,19/1/2026 12:00,152
756,04,19/1/2026 13:00,70
757,04,19/1/2026 14:00,7
758,04,19/1/2026 15:00,23
759,04,19/1/2026 16:00,22
760,04,19/1/2026 17:00,0
761,01,20/1/2026 8:30,101
762,01,20/1/2026 9:30,40
763,01,20/1/2026 10:30,66
764,01,20/1/2026 11:30,215
765,01,20/1/2026 12:30,210
766,01,20/1/2026 13:30,65
767,01,20/1/2026 14:30,6
768,01,20/1/2026 15:30,1
769,01,20/1/2026 16:30,24
770,01,20/1/2026 17:30,113
771,01,20/1/2026 18:30,120
772,02,20/1/2026 7:00,47
773,02,20/1/2026 8:00,49
774,02,20/1/2026 9:00,3
775,02,20/1/2026 10:00,9
776,02,20/1/2026 11:00,100
777,02,20/1/2026 12:00,210
778,02,20/1/2026 13:00,101
779,02,20/1/2026 14:00,9
780,02,20/1/2026 15:00,0
781,03,20/1/2026 7:00,43
782,03,20/1/2026 8:00,43
783,03,20/1/2026 9:00,3
784,03,20/1/2026 10:00,9
785,03,20/1/2026 11:00,90
786,03,20/1/2026 12:00,190
787,03,20/1/2026 13:00,90
788,03,20/1/2026 14:00,9
789,03,20/1/2026 15:00,0
790,04,20/1/2026 7:00,28
791,04,20/1/2026 8:00,28
792,04,20/1/2026 9:00,2
793,04,20/1/2026 10:00,6
794,04,20/1/2026 11:00,63
795,04,20/1/2026 12:00,136
796,04,20/1/2026 13:00,60
797,04,20/1/2026 14:00,6
798,04,20/1/2026 15:00,19
799,04,20/1/2026 16:00,20
800,04,20/1/2026 17:00,0
801,01,21/1/2026 8:30,130
802,01,21/1/2026 9:30,55
803,01,21/1/2026 10:30,89
804,01,21/1/2026 11:30,304
805,01,21/1/2026 12:30,290
806,01,21/1/2026 13:30,80
807,01,21/1/2026 14:30,7
808,01,21/1/2026 15:30,2
809,01,21/1/2026 16:30,34
810,01,21/1/2026 17:30,160
811,01,21/1/2026 18:30,154
812,02,21/1/2026 7:00,64
813,02,21/1/2026 8:00,64
814,02,21/1/2026 9:00,4
815,02,21/1/2026 10:00,12
816,02,21/1/2026 11:00,133
817,02,21/1/2026 12:00,276
818,02,21/1/2026 13:00,130
819,02,21/1/2026 14:00,13
820,02,21/1/2026 15:00,0
821,03,21/1/2026 7:00,60
822,03,21/1/2026 8:00,60
823,03,21/1/2026 9:00,4
824,03,21/1/2026 10:00,12
825,03,21/1/2026 11:00,126
826,03,21/1/2026 12:00,262
827,03,21/1/2026 13:00,119
828,03,21/1/2026 14:00,12
829,03,21/1/2026 15:00,0
830,04,21/1/2026 7:00,39
831,04,21/1/2026 8:00,36
832,04,21/1/2026 9:00,2
833,04,21/1/2026 10:00,8
834,04,21/1/2026 11:00,87
835,04,21/1/2026 12:00,192
836,04,21/1/2026 13:00,86
837,04,21/1/2026 14:00,8
838,04,21/1/2026 15:00,25
839,04,21/1/2026 16:00,26
840,04,21/1/2026 17:00,0
841,01,22/1/2026 8:30,116
842,01,22/1/2026 9:30,49
843,01,22/1/2026 10:30,71
844,01,22/1/2026 11:30,258
845,01,22/1/2026 12:30,245
846,01,22/1/2026 13:30,72
847,01,22/1/2026 14:30,6
848,01,22/1/2026 15:30,1
849,01,22/1/2026 16:30,28
850,01,22/1/2026 17:30,137
851,01,22/1/2026 18:30,129
852,02,22/1/2026 7:00,53
853,02,22/1/2026 8:00,57
854,02,22/1/2026 9:00,4
855,02,22/1/2026 10:00,11
856,02,22/1/2026 11:00,118
857,02,22/1/2026 12:00,238
858,02,22/1/2026 13:00,113
859,02,22/1/2026 14:00,11
860,02,22/1/2026 15:00,0
861,03,22/1/2026 7:00,49
862,03,22/1/2026 8:00,53
863,03,22/1/2026 9:00,4
864,03,22/1/2026 10:00,10
865,03,22/1/2026 11:00,101
866,03,22/1/2026 12:00,228
867,03,22/1/2026 13:00,103
868,03,22/1/2026 14:00,10
869,03,22/1/2026 15:00,0
870,04,22/1/2026 7:00,33
871,04,22/1/2026 8:00,32
872,04,22/1/2026 9:00,2
873,04,22/1/2026 10:00,7
874,04,22/1/2026 11:00,71
875,04,22/1/2026 12:00,157
876,04,22/1/2026 13:00,70
877,04,22/1/2026 14:00,7
878,04,22/1/2026 15:00,23
879,04,22/1/2026 16:00,24
880,04,22/1/2026 17:00,0
881,01,23/1/2026 8:30,142
882,01,23/1/2026 9:30,57
883,01,23/1/2026 10:30,93
884,01,23/1/2026 11:30,314
885,01,23/1/2026 12:30,316
886,01,23/1/2026 13:30,86
887,01,23/1/2026 14:30,8
888,01,23/1/2026 15:30,2
889,01,23/1/2026 16:30,36
890,01,23/1/2026 17:30,161
891,01,23/1/2026 18:30,169
892,02,23/1/2026 7:00,68
893,02,23/1/2026 8:00,67
894,02,23/1/2026 9:00,5
895,02,23/1/2026 10:00,14
896,02,23/1/2026 11:00,141
897,02,23/1/2026 12:00,310
898,02,23/1/2026 13:00,141
899,02,23/1/2026 14:00,14
900,02,23/1/2026 15:00,0
901,03,23/1/2026 7:00,65
902,03,23/1/2026 8:00,64
903,03,23/1/2026 9:00,4
904,03,23/1/2026 10:00,12
905,03,23/1/2026 11:00,130
906,03,23/1/2026 12:00,288
907,03,23/1/2026 13:00,124
908,03,23/1/2026 14:00,12
909,03,23/1/2026 15:00,0
910,04,23/1/2026 7:00,39
911,04,23/1/2026 8:00,39
912,04,23/1/2026 9:00,3
913,04,23/1/2026 10:00,9
914,04,23/1/2026 11:00,89
915,04,23/1/2026 12:00,202
916,04,23/1/2026 13:00,92
917,04,23/1/2026 14:00,9
918,04,23/1/2026 15:00,29
919,04,23/1/2026 16:00,28
920,04,23/1/2026 17:00,1
921,01,24/1/2026 8:30,32
922,01,24/1/2026 9:30,13
923,01,24/1/2026 10:30,22
924,01,24/1/2026 11:30,68
925,01,24/1/2026 12:30,74
926,01,24/1/2026 13:30,21
927,01,24/1/2026 14:30,2
928,01,24/1/2026 15:30,0
929,01,24/1/2026 16:30,8
930,01,24/1/2026 17:30,39
931,01,24/1/2026 18:30,37
932,02,24/1/2026 7:00,16
933,02,24/1/2026 8:00,15
934,02,24/1/2026 9:00,1
935,02,24/1/2026 10:00,3
936,02,24/1/2026 11:00,32
937,02,24/1/2026 12:00,71
938,02,24/1/2026 13:00,32
939,02,24/1/2026 14:00,3
940,02,24/1/2026 15:00,0
941,03,24/1/2026 7:00,14
942,03,24/1/2026 8:00,14
943,03,24/1/2026 9:00,1
944,03,24/1/2026 10:00,3
945,03,24/1/2026 11:00,30
946,03,24/1/2026 12:00,67
947,03,24/1/2026 13:00,29
948,03,24/1/2026 14:00,3
949,03,24/1/2026 15:00,0
950,04,24/1/2026 7:00,10
951,04,24/1/2026 8:00,9
952,04,24/1/2026 9:00,1
953,04,24/1/2026 10:00,2
954,04,24/1/2026 11:00,21
955,04,24/1/2026 12:00,44
956,04,24/1/2026 13:00,20
957,04,24/1/2026 14:00,2
958,04,24/1/2026 15:00,7
959,04,24/1/2026 16:00,6
960,04,24/1/2026 17:00,0
961,01,25/1/2026 8:30,32
962,01,25/1/2026 9:30,14
963,01,25/1/2026 10:30,20
964,01,25/1/2026 11:30,70
965,01,25/1/2026 12:30,66
966,01,25/1/2026 13:30,20
967,01,25/1/2026 14:30,2
968,01,25/1/2026 15:30,0
969,01,25/1/2026 16:30,8
970,01,25/1/2026 17:30,38
971,01,25/1/2026 18:30,35
972,02,25/1/2026 7:00,15
973,02,25/1/2026 8:00,15
974,02,25/1/2026 9:00,1
975,02,25/1/2026 10:00,3
976,02,25/1/2026 11:00,30
977,02,25/1/2026 12:00,69
978,02,25/1/2026 13:00,31
979,02,25/1/2026 14:00,3
980,02,25/1/2026 15:00,0
981,03,25/1/2026 7:00,14
982,03,25/1/2026 8:00,14
983,03,25/1/2026 9:00,1
984,03,25/1/2026 10:00,3
985,03,25/1/2026 11:00,29
986,03,25/1/2026 12:00,64
987,03,25/1/2026 13:00,29
988,03,25/1/2026 14:00,3
989,03,25/1/2026 15:00,0
990,04,25/1/2026 7:00,9
991,04,25/1/2026 8:00,9
992,04,25/1/2026 9:00,1
993,04,25/1/2026 10:00,2
994,04,25/1/2026 11:00,19
995,04,25/1/2026 12:00,44
996,04,25/1/2026 13:00,19
997,04,25/1/2026 14:00,2
998,04,25/1/2026 15:00,6
999,04,25/1/2026 16:00,6
1000,04,25/1/2026 17:00,0
1001,01,26/1/2026 8:30,129
1002,01,26/1/2026 9:30,58
1003,01,26/1/2026 10:30,86
1004,01,26/1/2026 11:30,289
1005,01,26/1/2026 12:30,292
1006,01,26/1/2026 13:30,84
1007,01,26/1/2026 14:30,8
1008,01,26/1/2026 15:30,2
1009,01,26/1/2026 16:30,32
1010,01,26/1/2026 17:30,164
1011,01,26/1/2026 18:30,156
1012,02,26/1/2026 7:00,65
1013,02,26/1/2026 8:00,64
1014,02,26/1/2026 9:00,4
1015,02,26/1/2026 10:00,13
1016,02,26/1/2026 11:00,136
1017,02,26/1/2026 12:00,303
1018,02,26/1/2026 13:00,135
1019,02,26/1/2026 14:00,13
1020,02,26/1/2026 15:00,0
1021,03,26/1/2026 7:00,59
1022,03,26/1/2026 8:00,61
1023,03,26/1/2026 9:00,4
1024,03,26/1/2026 10:00,12
1025,03,26/1/2026 11:00,129
1026,03,26/1/2026 12:00,284
1027,03,26/1/2026 13:00,126
1028,03,26/1/2026 14:00,12
1029,03,26/1/2026 15:00,0
1030,04,26/1/2026 7:00,38
1031,04,26/1/2026 8:00,39
1032,04,26/1/2026 9:00,3
1033,04,26/1/2026 10:00,8
1034,04,26/1/2026 11:00,86
1035,04,26/1/2026 12:00,196
1036,04,26/1/2026 13:00,83
1037,04,26/1/2026 14:00,8
1038,04,26/1/2026 15:00,27
1039,04,26/1/2026 16:00,26
1040,04,26/1/2026 17:00,0
1041,01,27/1/2026 8:30,124
1042,01,27/1/2026 9:30,50
1043,01,27/1/2026 10:30,85
1044,01,27/1/2026 11:30,272
1045,01,27/1/2026 12:30,270
1046,01,27/1/2026 13:30,80
1047,01,27/1/2026 14:30,6
1048,01,27/1/2026 15:30,2
1049,01,27/1/2026 16:30,31
1050,01,27/1/2026 17:30,147
1051,01,27/1/2026 18:30,148
1052,02,27/1/2026 7:00,61
1053,02,27/1/2026 8:00,58
1054,02,27/1/2026 9:00,4
1055,02,27/1/2026 10:00,11
1056,02,27/1/2026 11:00,120
1057,02,27/1/2026 12:00,266
1058,02,27/1/2026 13:00,121
1059,02,27/1/2026 14:00,11
1060,02,27/1/2026 15:00,0
1061,03,27/1/2026 7:00,56
1062,03,27/1/2026 8:00,55
1063,03,27/1/2026 9:00,4
1064,03,27/1/2026 10:00,11
1065,03,27/1/2026 11:00,109
1066,03,27/1/2026 12:00,256
1067,03,27/1/2026 13:00,109
1068,03,27/1/2026 14:00,10
1069,03,27/1/2026 15:00,0
1070,04,27/1/2026 7:00,37
1071,04,27/1/2026 8:00,36
1072,04,27/1/2026 9:00,2
1073,04,27/1/2026 10:00,8
1074,04,27/1/2026 11:00,77
1075,04,27/1/2026 12:00,164
1076,04,27/1/2026 13:00,77
1077,04,27/1/2026 14:00,8
1078,04,27/1/2026 15:00,25
1079,04,27/1/2026 16:00,25
1080,04,27/1/2026 17:00,0
1081,01,28/1/2026 8:30,141
1082,01,28/1/2026 9:30,57
1083,01,28/1/2026 10:30,92
1084,01,28/1/2026 11:30,298
1085,01,28/1/2026 12:30,312
1086,01,28/1/2026 13:30,87
1087,01,28/1/2026 14:30,7
1088,01,28/1/2026 15:30,2
1089,01,28/1/2026 16:30,34
1090,01,28/1/2026 17:30,168
1091,01,28/1/2026 18:30,165
1092,02,28/1/2026 7:00,70
1093,02,28/1/2026 8:00,70
1094,02,28/1/2026 9:00,5
1095,02,28/1/2026 10:00,14
1096,02,28/1/2026 11:00,140
1097,02,28/1/2026 12:00,307
1098,02,28/1/2026 13:00,132
1099,02,28/1/2026 14:00,14
1100,02,28/1/2026 15:00,0
1101,03,28/1/2026 7:00,61
1102,03,28/1/2026 8:00,61
1103,03,28/1/2026 9:00,4
1104,03,28/1/2026 10:00,12
1105,03,28/1/2026 11:00,127
1106,03,28/1/2026 12:00,267
1107,03,28/1/2026 13:00,133
1108,03,28/1/2026 14:00,12
1109,03,28/1/2026 15:00,0
1110,04,28/1/2026 7:00,39
1111,04,28/1/2026 8:00,41
1112,04,28/1/2026 9:00,3
1113,04,28/1/2026 10:00,9
1114,04,28/1/2026 11:00,86
1115,04,28/1/2026 12:00,192
1116,04,28/1/2026 13:00,87
1117,04,28/1/2026 14:00,9
1118,04,28/1/2026 15:00,28
1119,04,28/1/2026 16:00,28
1120,04,28/1/2026 17:00,1
1121,01,29/1/2026 8:30,92
1122,01,29/1/2026 9:30,38
1123,01,29/1/2026 10:30,64
1124,01,29/1/2026 11:30,215
1125,01,29/1/2026 12:30,207
1126,01,29/1/2026 13:30,63
1127,01,29/1/2026 14:30,5
1128,01,29/1/2026 15:30,1
1129,01,29/1/2026 16:30,23
1130,01,29/1/2026 17:30,116
1131,01,29/1/2026 18:30,108
1132,02,29/1/2026 7:00,46
1133,02,29/1/2026 8:00,46
1134,02,29/1/2026 9:00,3
1135,02,29/1/2026 10:00,9
1136,02,29/1/2026 11:00,97
1137,02,29/1/2026 12:00,199
1138,02,29/1/2026 13:00,94
1139,02,29/1/2026 14:00,9
1140,02,29/1/2026 15:00,0
1141,03,29/1/2026 7:00,42
1142,03,29/1/2026 8:00,42
1143,03,29/1/2026 9:00,3
1144,03,29/1/2026 10:00,8
1145,03,29/1/2026 11:00,87
1146,03,29/1/2026 12:00,184
1147,03,29/1/2026 13:00,91
1148,03,29/1/2026 14:00,8
1149,03,29/1/2026 15:00,0
1150,04,29/1/2026 7:00,28
1151,04,29/1/2026 8:00,28
1152,04,29/1/2026 9:00,2
1153,04,29/1/2026 10:00,6
1154,04,29/1/2026 11:00,58
1155,04,29/1/2026 12:00,138
1156,04,29/1/2026 13:00,58
1157,04,29/1/2026 14:00,6
1158,04,29/1/2026 15:00,20
1159,04,29/1/2026 16:00,20
1160,04,29/1/2026 17:00,0
1161,01,30/1/2026 8:30,123
1162,01,30/1/2026 9:30,49
1163,01,30/1/2026 10:30,76
1164,01,30/1/2026 11:30,252
1165,01,30/1/2026 12:30,260
1166,01,30/1/2026 13:30,79
1167,01,30/1/2026 14:30,7
1168,01,30/1/2026 15:30,2
1169,01,30/1/2026 16:30,31
1170,01,30/1/2026 17:30,135
1171,01,30/1/2026 18:30,146
1172,02,30/1/2026 7:00,57
1173,02,30/1/2026 8:00,59
1174,02,30/1/2026 9:00,4
1175,02,30/1/2026 10:00,11
1176,02,30/1/2026 11:00,117
1177,02,30/1/2026 12:00,256
1178,02,30/1/2026 13:00,117
1179,02,30/1/2026 14:00,11
1180,02,30/1/2026 15:00,0
1181,03,30/1/2026 7:00,52
1182,03,30/1/2026 8:00,54
1183,03,30/1/2026 9:00,4
1184,03,30/1/2026 10:00,10
1185,03,30/1/2026 11:00,113
1186,03,30/1/2026 12:00,250
1187,03,30/1/2026 13:00,114
1188,03,30/1/2026 14:00,10
1189,03,30/1/2026 15:00,0
1190,04,30/1/2026 7:00,34
1191,04,30/1/2026 8:00,35
1192,04,30/1/2026 9:00,2
1193,04,30/1/2026 10:00,7
1194,04,30/1/2026 11:00,74
1195,04,30/1/2026 12:00,171
1196,04,30/1/2026 13:00,76
1197,04,30/1/2026 14:00,8
1198,04,30/1/2026 15:00,25
1199,04,30/1/2026 16:00,24
1200,04,30/1/2026 17:00,0
1201,01,31/1/2026 8:30,30
1202,01,31/1/2026 9:30,13
1203,01,31/1/2026 10:30,20
1204,01,31/1/2026 11:30,67
1205,01,31/1/2026 12:30,64
1206,01,31/1/2026 13:30,18
1207,01,31/1/2026 14:30,2
1208,01,31/1/2026 15:30,0
1209,01,31/1/2026 16:30,7
1210,01,31/1/2026 17:30,34
1211,01,31/1/2026 18:30,35
1212,02,31/1/2026 7:00,14
1213,02,31/1/2026 8:00,14
1214,02,31/1/2026 9:00,1
1215,02,31/1/2026 10:00,3
1216,02,31/1/2026 11:00,28
1217,02,31/1/2026 12:00,67
1218,02,31/1/2026 13:00,31
1219,02,31/1/2026 14:00,3
1220,02,31/1/2026 15:00,0
1221,03,31/1/2026 7:00,13
1222,03,31/1/2026 8:00,14
1223,03,31/1/2026 9:00,1
1224,03,31/1/2026 10:00,3
1225,03,31/1/2026 11:00,27
1226,03,31/1/2026 12:00,62
1227,03,31/1/2026 13:00,28
1228,03,31/1/2026 14:00,3
1229,03,31/1/2026 15:00,0
1230,04,31/1/2026 7:00,8
1231,04,31/1/2026 8:00,8
1232,04,31/1/2026 9:00,1
1233,04,31/1/2026 10:00,2
1234,04,31/1/2026 11:00,19
1235,04,31/1/2026 12:00,42
1236,04,31/1/2026 13:00,19
1237,04,31/1/2026 14:00,2
1238,04,31/1/2026 15:00,6
1239,04,31/1/2026 16:00,6
1240,04,31/1/2026 17:00,0
1241,01,1/2/2026 8:30,28
1242,01,1/2/2026 9:30,12
1243,01,1/2/2026 10:30,19
1244,01,1/2/2026 11:30,64
1245,01,1/2/2026 12:30,64
1246,01,1/2/2026 13:30,19
1247,01,1/2/2026 14:30,2
1248,01,1/2/2026 15:30,0
1249,01,1/2/2026 16:30,7
1250,01,1/2/2026 17:30,33
1251,01,1/2/2026 18:30,35
1252,02,1/2/2026 7:00,14
1253,02,1/2/2026 8:00,15
1254,02,1/2/2026 9:00,1
1255,02,1/2/2026 10:00,3
1256,02,1/2/2026 11:00,30
1257,02,1/2/2026 12:00,63
1258,02,1/2/2026 13:00,29
1259,02,1/2/2026 14:00,3
1260,02,1/2/2026 15:00,0
1261,03,1/2/2026 7:00,14
1262,03,1/2/2026 8:00,13
1263,03,1/2/2026 9:00,1
1264,03,1/2/2026 10:00,3
1265,03,1/2/2026 11:00,28
1266,03,1/2/2026 12:00,58
1267,03,1/2/2026 13:00,27
1268,03,1/2/2026 14:00,3
1269,03,1/2/2026 15:00,0
1270,04,1/2/2026 7:00,9
1271,04,1/2/2026 8:00,9
1272,04,1/2/2026 9:00,1
1273,04,1/2/2026 10:00,2
1274,04,1/2/2026 11:00,19
1275,04,1/2/2026 12:00,41
1276,04,1/2/2026 13:00,19
1277,04,1/2/2026 14:00,2
1278,04,1/2/2026 15:00,6
1279,04,1/2/2026 16:00,6
1280,04,1/2/2026 17:00,0
1281,01,2/2/2026 8:30,138
1282,01,2/2/2026 9:30,56
1283,01,2/2/2026 10:30,88
1284,01,2/2/2026 11:30,292
1285,01,2/2/2026 12:30,315
1286,01,2/2/2026 13:30,85
1287,01,2/2/2026 14:30,8
1288,01,2/2/2026 15:30,2
1289,01,2/2/2026 16:30,35
1290,01,2/2/2026 17:30,155
1291,01,2/2/2026 18:30,160
1292,02,2/2/2026 7:00,69
1293,02,2/2/2026 8:00,65
1294,02,2/2/2026 9:00,4
1295,02,2/2/2026 10:00,13
1296,02,2/2/2026 11:00,142
1297,02,2/2/2026 12:00,308
1298,02,2/2/2026 13:00,142
1299,02,2/2/2026 14:00,13
1300,02,2/2/2026 15:00,0
1301,03,2/2/2026 7:00,62
1302,03,2/2/2026 8:00,63
1303,03,2/2/2026 9:00,4
1304,03,2/2/2026 10:00,12
1305,03,2/2/2026 11:00,125
1306,03,2/2/2026 12:00,286
1307,03,2/2/2026 13:00,127
1308,03,2/2/2026 14:00,12
1309,03,2/2/2026 15:00,0
1310,04,2/2/2026 7:00,41
1311,04,2/2/2026 8:00,40
1312,04,2/2/2026 9:00,3
1313,04,2/2/2026 10:00,8
1314,04,2/2/2026 11:00,92
1315,04,2/2/2026 12:00,201
1316,04,2/2/2026 13:00,88
1317,04,2/2/2026 14:00,9
1318,04,2/2/2026 15:00,27
1319,04,2/2/2026 16:00,27
1320,04,2/2/2026 17:00,1
1321,01,3/2/2026 8:30,136
1322,01,3/2/2026 9:30,53
1323,01,3/2/2026 10:30,85
1324,01,3/2/2026 11:30,295
1325,01,3/2/2026 12:30,302
1326,01,3/2/2026 13:30,85
1327,01,3/2/2026 14:30,7
1328,01,3/2/2026 15:30,2
1329,01,3/2/2026 16:30,34
1330,01,3/2/2026 17:30,152
1331,01,3/2/2026 18:30,159
1332,02,3/2/2026 7:00,62
1333,02,3/2/2026 8:00,67
1334,02,3/2/2026 9:00,4
1335,02,3/2/2026 10:00,13
1336,02,3/2/2026 11:00,137
1337,02,3/2/2026 12:00,278
1338,02,3/2/2026 13:00,130
1339,02,3/2/2026 14:00,12
1340,02,3/2/2026 15:00,0
1341,03,3/2/2026 7:00,57
1342,03,3/2/2026 8:00,59
1343,03,3/2/2026 9:00,4
1344,03,3/2/2026 10:00,12
1345,03,3/2/2026 11:00,120
1346,03,3/2/2026 12:00,253
1347,03,3/2/2026 13:00,127
1348,03,3/2/2026 14:00,12
1349,03,3/2/2026 15:00,0
1350,04,3/2/2026 7:00,39
1351,04,3/2/2026 8:00,37
1352,04,3/2/2026 9:00,2
1353,04,3/2/2026 10:00,8
1354,04,3/2/2026 11:00,85
1355,04,3/2/2026 12:00,176
1356,04,3/2/2026 13:00,86
1357,04,3/2/2026 14:00,8
1358,04,3/2/2026 15:00,25
1359,04,3/2/2026 16:00,25
1360,04,3/2/2026 17:00,0
1361,01,4/2/2026 8:30,134
1362,01,4/2/2026 9:30,56
1363,01,4/2/2026 10:30,88
1364,01,4/2/2026 11:30,281
1365,01,4/2/2026 12:30,286
1366,01,4/2/2026 13:30,83
1367,01,4/2/2026 14:30,7
1368,01,4/2/2026 15:30,2
1369,01,4/2/2026 16:30,34
1370,01,4/2/2026 17:30,155
1371,01,4/2/2026 18:30,150
1372,02,4/2/2026 7:00,67
1373,02,4/2/2026 8:00,65
1374,02,4/2/2026 9:00,4
1375,02,4/2/2026 10:00,13
1376,02,4/2/2026 11:00,129
1377,02,4/2/2026 12:00,278
1378,02,4/2/2026 13:00,131
1379,02,4/2/2026 14:00,13
1380,02,4/2/2026 15:00,0
1381,03,4/2/2026 7:00,59
1382,03,4/2/2026 8:00,61
1383,03,4/2/2026 9:00,4
1384,03,4/2/2026 10:00,12
1385,03,4/2/2026 11:00,117
1386,03,4/2/2026 12:00,268
1387,03,4/2/2026 13:00,123
1388,03,4/2/2026 14:00,12
1389,03,4/2/2026 15:00,0
1390,04,4/2/2026 7:00,38
1391,04,4/2/2026 8:00,38
1392,04,4/2/2026 9:00,3
1393,04,4/2/2026 10:00,8
1394,04,4/2/2026 11:00,82
1395,04,4/2/2026 12:00,175
1396,04,4/2/2026 13:00,87
1397,04,4/2/2026 14:00,8
1398,04,4/2/2026 15:00,27
1399,04,4/2/2026 16:00,27
1400,04,4/2/2026 17:00,0
1401,01,5/2/2026 8:30,126
1402,01,5/2/2026 9:30,51
1403,01,5/2/2026 10:30,85
1404,01,5/2/2026 11:30,291
1405,01,5/2/2026 12:30,273
1406,01,5/2/2026 13:30,84
1407,01,5/2/2026 14:30,7
1408,01,5/2/2026 15:30,2
1409,01,5/2/2026 16:30,32
1410,01,5/2/2026 17:30,155
1411,01,5/2/2026 18:30,144
1412,02,5/2/2026 7:00,64
1413,02,5/2/2026 8:00,62
1414,02,5/2/2026 9:00,4
1415,02,5/2/2026 10:00,12
1416,02,5/2/2026 11:00,123
1417,02,5/2/2026 12:00,265
1418,02,5/2/2026 13:00,133
1419,02,5/2/2026 14:00,12
1420,02,5/2/2026 15:00,0
1421,03,5/2/2026 7:00,58
1422,03,5/2/2026 8:00,56
1423,03,5/2/2026 9:00,4
1424,03,5/2/2026 10:00,11
1425,03,5/2/2026 11:00,116
1426,03,5/2/2026 12:00,265
1427,03,5/2/2026 13:00,122
1428,03,5/2/2026 14:00,11
1429,03,5/2/2026 15:00,0
1430,04,5/2/2026 7:00,36
1431,04,5/2/2026 8:00,38
1432,04,5/2/2026 9:00,3
1433,04,5/2/2026 10:00,8
1434,04,5/2/2026 11:00,80
1435,04,5/2/2026 12:00,186
1436,04,5/2/2026 13:00,81
1437,04,5/2/2026 14:00,8
1438,04,5/2/2026 15:00,27
1439,04,5/2/2026 16:00,25
1440,04,5/2/2026 17:00,0
1441,01,6/2/2026 8:30,122
1442,01,6/2/2026 9:30,53
1443,01,6/2/2026 10:30,87
1444,01,6/2/2026 11:30,282
1445,01,6/2/2026 12:30,276
1446,01,6/2/2026 13:30,78
1447,01,6/2/2026 14:30,7
1448,01,6/2/2026 15:30,2
1449,01,6/2/2026 16:30,32
1450,01,6/2/2026 17:30,149
1451,01,6/2/2026 18:30,153
1452,02,6/2/2026 7:00,61
1453,02,6/2/2026 8:00,59
1454,02,6/2/2026 9:00,4
1455,02,6/2/2026 10:00,12
1456,02,6/2/2026 11:00,133
1457,02,6/2/2026 12:00,271
1458,02,6/2/2026 13:00,133
1459,02,6/2/2026 14:00,13
1460,02,6/2/2026 15:00,0
1461,03,6/2/2026 7:00,58
1462,03,6/2/2026 8:00,57
1463,03,6/2/2026 9:00,4
1464,03,6/2/2026 10:00,12
1465,03,6/2/2026 11:00,123
1466,03,6/2/2026 12:00,248
1467,03,6/2/2026 13:00,119
1468,03,6/2/2026 14:00,12
1469,03,6/2/2026 15:00,0
1470,04,6/2/2026 7:00,35
1471,04,6/2/2026 8:00,38
1472,04,6/2/2026 9:00,2
1473,04,6/2/2026 10:00,8
1474,04,6/2/2026 11:00,82
1475,04,6/2/2026 12:00,179
1476,04,6/2/2026 13:00,82
1477,04,6/2/2026 14:00,9
1478,04,6/2/2026 15:00,25
1479,04,6/2/2026 16:00,26
1480,04,6/2/2026 17:00,0
1481,01,7/2/2026 8:30,29
1482,01,7/2/2026 9:30,12
1483,01,7/2/2026 10:30,19
1484,01,7/2/2026 11:30,62
1485,01,7/2/2026 12:30,66
1486,01,7/2/2026 13:30,19
1487,01,7/2/2026 14:30,2
1488,01,7/2/2026 15:30,0
1489,01,7/2/2026 16:30,7
1490,01,7/2/2026 17:30,34
1491,01,7/2/2026 18:30,34
1492,02,7/2/2026 7:00,15
1493,02,7/2/2026 8:00,14
1494,02,7/2/2026 9:00,1
1495,02,7/2/2026 10:00,3
1496,02,7/2/2026 11:00,28
1497,02,7/2/2026 12:00,66
1498,02,7/2/2026 13:00,29
1499,02,7/2/2026 14:00,3
1500,02,7/2/2026 15:00,0
1501,03,7/2/2026 7:00,13
1502,03,7/2/2026 8:00,13
1503,03,7/2/2026 9:00,1
1504,03,7/2/2026 10:00,3
1505,03,7/2/2026 11:00,27
1506,03,7/2/2026 12:00,57
1507,03,7/2/2026 13:00,27
1508,03,7/2/2026 14:00,3
1509,03,7/2/2026 15:00,0
1510,04,7/2/2026 7:00,9
1511,04,7/2/2026 8:00,9
1512,04,7/2/2026 9:00,1
1513,04,7/2/2026 10:00,2
1514,04,7/2/2026 11:00,19
1515,04,7/2/2026 12:00,39
1516,04,7/2/2026 13:00,18
1517,04,7/2/2026 14:00,2
1518,04,7/2/2026 15:00,6
1519,04,7/2/2026 16:00,6
1520,04,7/2/2026 17:00,0
1521,01,8/2/2026 8:30,28
1522,01,8/2/2026 9:30,11
1523,01,8/2/2026 10:30,18
1524,01,8/2/2026 11:30,58
1525,01,8/2/2026 12:30,59
1526,01,8/2/2026 13:30,19
1527,01,8/2/2026 14:30,2
1528,01,8/2/2026 15:30,0
1529,01,8/2/2026 16:30,7
1530,01,8/2/2026 17:30,33
1531,01,8/2/2026 18:30,31
1532,02,8/2/2026 7:00,14
1533,02,8/2/2026 8:00,14
1534,02,8/2/2026 9:00,1
1535,02,8/2/2026 10:00,3
1536,02,8/2/2026 11:00,27
1537,02,8/2/2026 12:00,62
1538,02,8/2/2026 13:00,28
1539,02,8/2/2026 14:00,3
1540,02,8/2/2026 15:00,0
1541,03,8/2/2026 7:00,13
1542,03,8/2/2026 8:00,12
1543,03,8/2/2026 9:00,1
1544,03,8/2/2026 10:00,2
1545,03,8/2/2026 11:00,24
1546,03,8/2/2026 12:00,54
1547,03,8/2/2026 13:00,25
1548,03,8/2/2026 14:00,2
1549,03,8/2/2026 15:00,0
1550,04,8/2/2026 7:00,8
1551,04,8/2/2026 8:00,8
1552,04,8/2/2026 9:00,1
1553,04,8/2/2026 10:00,2
1554,04,8/2/2026 11:00,17
1555,04,8/2/2026 12:00,39
1556,04,8/2/2026 13:00,18
1557,04,8/2/2026 14:00,2
1558,04,8/2/2026 15:00,5
1559,04,8/2/2026 16:00,5
1560,04,8/2/2026 17:00,0
1561,01,9/2/2026 8:30,105
1562,01,9/2/2026 9:30,40
1563,01,9/2/2026 10:30,67
1564,01,9/2/2026 11:30,226
1565,01,9/2/2026 12:30,223
1566,01,9/2/2026 13:30,66
1567,01,9/2/2026 14:30,5
1568,01,9/2/2026 15:30,1
1569,01,9/2/2026 16:30,24
1570,01,9/2/2026 17:30,112
1571,01,9/2/2026 18:30,119
1572,02,9/2/2026 7:00,49
1573,02,9/2/2026 8:00,49
1574,02,9/2/2026 9:00,3
1575,02,9/2/2026 10:00,9
1576,02,9/2/2026 11:00,101
1577,02,9/2/2026 12:00,217
1578,02,9/2/2026 13:00,101
1579,02,9/2/2026 14:00,9
1580,02,9/2/2026 15:00,0
1581,03,9/2/2026 7:00,45
1582,03,9/2/2026 8:00,46
1583,03,9/2/2026 9:00,3
1584,03,9/2/2026 10:00,9
1585,03,9/2/2026 11:00,88
1586,03,9/2/2026 12:00,193
1587,03,9/2/2026 13:00,92
1588,03,9/2/2026 14:00,9
1589,03,9/2/2026 15:00,0
1590,04,9/2/2026 7:00,29
1591,04,9/2/2026 8:00,28
1592,04,9/2/2026 9:00,2
1593,04,9/2/2026 10:00,6
1594,04,9/2/2026 11:00,66
1595,04,9/2/2026 12:00,146
1596,04,9/2/2026 13:00,61
1597,04,9/2/2026 14:00,6
1598,04,9/2/2026 15:00,20
1599,04,9/2/2026 16:00,19
1600,04,9/2/2026 17:00,0
1601,01,10/2/2026 8:30,102
1602,01,10/2/2026 9:30,42
1603,01,10/2/2026 10:30,68
1604,01,10/2/2026 11:30,229
1605,01,10/2/2026 12:30,234
1606,01,10/2/2026 13:30,66
1607,01,10/2/2026 14:30,6
1608,01,10/2/2026 15:30,1
1609,01,10/2/2026 16:30,25
1610,01,10/2/2026 17:30,124
1611,01,10/2/2026 18:30,121
1612,02,10/2/2026 7:00,52
1613,02,10/2/2026 8:00,51
1614,02,10/2/2026 9:00,3
1615,02,10/2/2026 10:00,10
1616,02,10/2/2026 11:00,102
1617,02,10/2/2026 12:00,217
1618,02,10/2/2026 13:00,109
1619,02,10/2/2026 14:00,10
1620,02,10/2/2026 15:00,0
1621,03,10/2/2026 7:00,46
1622,03,10/2/2026 8:00,47
1623,03,10/2/2026 9:00,3
1624,03,10/2/2026 10:00,9
1625,03,10/2/2026 11:00,101
1626,03,10/2/2026 12:00,215
1627,03,10/2/2026 13:00,97
1628,03,10/2/2026 14:00,9
1629,03,10/2/2026 15:00,0
1630,04,10/2/2026 7:00,30
1631,04,10/2/2026 8:00,31
1632,04,10/2/2026 9:00,2
1633,04,10/2/2026 10:00,7
1634,04,10/2/2026 11:00,66
1635,04,10/2/2026 12:00,144
1636,04,10/2/2026 13:00,67
1637,04,10/2/2026 14:00,7
1638,04,10/2/2026 15:00,21
1639,04,10/2/2026 16:00,20
1640,04,10/2/2026 17:00,0
1641,01,11/2/2026 8:30,127
1642,01,11/2/2026 9:30,56
1643,01,11/2/2026 10:30,87
1644,01,11/2/2026 11:30,274
1645,01,11/2/2026 12:30,299
1646,01,11/2/2026 13:30,82
1647,01,11/2/2026 14:30,7
1648,01,11/2/2026 15:30,2
1649,01,11/2/2026 16:30,33
1650,01,11/2/2026 17:30,156
1651,01,11/2/2026 18:30,147
1652,02,11/2/2026 7:00,63
1653,02,11/2/2026 8:00,63
1654,02,11/2/2026 9:00,4
1655,02,11/2/2026 10:00,12
1656,02,11/2/2026 11:00,126
1657,02,11/2/2026 12:00,280
1658,02,11/2/2026 13:00,128
1659,02,11/2/2026 14:00,12
1660,02,11/2/2026 15:00,0
1661,03,11/2/2026 7:00,57
1662,03,11/2/2026 8:00,59
1663,03,11/2/2026 9:00,4
1664,03,11/2/2026 10:00,12
1665,03,11/2/2026 11:00,122
1666,03,11/2/2026 12:00,256
1667,03,11/2/2026 13:00,117
1668,03,11/2/2026 14:00,12
1669,03,11/2/2026 15:00,0
1670,04,11/2/2026 7:00,38
1671,04,11/2/2026 8:00,37
1672,04,11/2/2026 9:00,3
1673,04,11/2/2026 10:00,8
1674,04,11/2/2026 11:00,84
1675,04,11/2/2026 12:00,188
1676,04,11/2/2026 13:00,83
1677,04,11/2/2026 14:00,9
1678,04,11/2/2026 15:00,26
1679,04,11/2/2026 16:00,26
1680,04,11/2/2026 17:00,0
1681,01,12/2/2026 8:30,12
1682,01,12/2/2026 9:30,5
1683,01,12/2/2026 10:30,8
1684,01,12/2/2026 11:30,26
1685,01,12/2/2026 12:30,26
1686,01,12/2/2026 13:30,7
1687,01,12/2/2026 14:30,1
1688,01,12/2/2026 15:30,0
1689,01,12/2/2026 16:30,3
1690,01,12/2/2026 17:30,14
1691,01,12/2/2026 18:30,13
1692,02,12/2/2026 7:00,6
1693,02,12/2/2026 8:00,5
1694,02,12/2/2026 9:00,0
1695,02,12/2/2026 10:00,1
1696,02,12/2/2026 11:00,11
1697,02,12/2/2026 12:00,25
1698,02,12/2/2026 13:00,11
1699,02,12/2/2026 14:00,1
1700,02,12/2/2026 15:00,0
1701,03,12/2/2026 7:00,5
1702,03,12/2/2026 8:00,5
1703,03,12/2/2026 9:00,0
1704,03,12/2/2026 10:00,1
1705,03,12/2/2026 11:00,10
1706,03,12/2/2026 12:00,22
1707,03,12/2/2026 13:00,10
1708,03,12/2/2026 14:00,1
1709,03,12/2/2026 15:00,0
1710,04,12/2/2026 7:00,3
1711,04,12/2/2026 8:00,3
1712,04,12/2/2026 9:00,0
1713,04,12/2/2026 10:00,1
1714,04,12/2/2026 11:00,7
1715,04,12/2/2026 12:00,16
1716,04,12/2/2026 13:00,8
1717,04,12/2/2026 14:00,1
1718,04,12/2/2026 15:00,2
1719,04,12/2/2026 16:00,2
1720,04,12/2/2026 17:00,0
1721,01,13/2/2026 8:30,99
1722,01,13/2/2026 9:30,42
1723,01,13/2/2026 10:30,65
1724,01,13/2/2026 11:30,234
1725,01,13/2/2026 12:30,219
1726,01,13/2/2026 13:30,64
1727,01,13/2/2026 14:30,5
1728,01,13/2/2026 15:30,1
1729,01,13/2/2026 16:30,24
1730,01,13/2/2026 17:30,117
1731,01,13/2/2026 18:30,124
1732,02,13/2/2026 7:00,51
1733,02,13/2/2026 8:00,48
1734,02,13/2/2026 9:00,3
1735,02,13/2/2026 10:00,10
1736,02,13/2/2026 11:00,99
1737,02,13/2/2026 12:00,231
1738,02,13/2/2026 13:00,104
1739,02,13/2/2026 14:00,10
1740,02,13/2/2026 15:00,0
1741,03,13/2/2026 7:00,45
1742,03,13/2/2026 8:00,45
1743,03,13/2/2026 9:00,3
1744,03,13/2/2026 10:00,9
1745,03,13/2/2026 11:00,93
1746,03,13/2/2026 12:00,199
1747,03,13/2/2026 13:00,93
1748,03,13/2/2026 14:00,9
1749,03,13/2/2026 15:00,0
1750,04,13/2/2026 7:00,30
1751,04,13/2/2026 8:00,30
1752,04,13/2/2026 9:00,2
1753,04,13/2/2026 10:00,6
1754,04,13/2/2026 11:00,65
1755,04,13/2/2026 12:00,137
1756,04,13/2/2026 13:00,65
1757,04,13/2/2026 14:00,7
1758,04,13/2/2026 15:00,20
1759,04,13/2/2026 16:00,19
1760,04,13/2/2026 17:00,0
1761,01,14/2/2026 8:30,31
1762,01,14/2/2026 9:30,14
1763,01,14/2/2026 10:30,20
1764,01,14/2/2026 11:30,70
1765,01,14/2/2026 12:30,73
1766,01,14/2/2026 13:30,20
1767,01,14/2/2026 14:30,2
1768,01,14/2/2026 15:30,0
1769,01,14/2/2026 16:30,8
1770,01,14/2/2026 17:30,36
1771,01,14/2/2026 18:30,39
1772,02,14/2/2026 7:00,15
1773,02,14/2/2026 8:00,16
1774,02,14/2/2026 9:00,1
1775,02,14/2/2026 10:00,3
1776,02,14/2/2026 11:00,32
1777,02,14/2/2026 12:00,69
1778,02,14/2/2026 13:00,32
1779,02,14/2/2026 14:00,3
1780,02,14/2/2026 15:00,0
1781,03,14/2/2026 7:00,14
1782,03,14/2/2026 8:00,15
1783,03,14/2/2026 9:00,1
1784,03,14/2/2026 10:00,3
1785,03,14/2/2026 11:00,31
1786,03,14/2/2026 12:00,63
1787,03,14/2/2026 13:00,29
1788,03,14/2/2026 14:00,3
1789,03,14/2/2026 15:00,0
1790,04,14/2/2026 7:00,10
1791,04,14/2/2026 8:00,10
1792,04,14/2/2026 9:00,1
1793,04,14/2/2026 10:00,2
1794,04,14/2/2026 11:00,19
1795,04,14/2/2026 12:00,46
1796,04,14/2/2026 13:00,20
1797,04,14/2/2026 14:00,2
1798,04,14/2/2026 15:00,6
1799,04,14/2/2026 16:00,6
1800,04,14/2/2026 17:00,0
1801,01,15/2/2026 8:30,33
1802,01,15/2/2026 9:30,13
1803,01,15/2/2026 10:30,21
1804,01,15/2/2026 11:30,71
1805,01,15/2/2026 12:30,73
1806,01,15/2/2026 13:30,21
1807,01,15/2/2026 14:30,2
1808,01,15/2/2026 15:30,0
1809,01,15/2/2026 16:30,8
1810,01,15/2/2026 17:30,40
1811,01,15/2/2026 18:30,40
1812,02,15/2/2026 7:00,16
1813,02,15/2/2026 8:00,17
1814,02,15/2/2026 9:00,1
1815,02,15/2/2026 10:00,3
1816,02,15/2/2026 11:00,33
1817,02,15/2/2026 12:00,70
1818,02,15/2/2026 13:00,34
1819,02,15/2/2026 14:00,3
1820,02,15/2/2026 15:00,0
1821,03,15/2/2026 7:00,15
1822,03,15/2/2026 8:00,15
1823,03,15/2/2026 9:00,1
1824,03,15/2/2026 10:00,3
1825,03,15/2/2026 11:00,32
1826,03,15/2/2026 12:00,70
1827,03,15/2/2026 13:00,30
1828,03,15/2/2026 14:00,3
1829,03,15/2/2026 15:00,0
1830,04,15/2/2026 7:00,10
1831,04,15/2/2026 8:00,10
1832,04,15/2/2026 9:00,1
1833,04,15/2/2026 10:00,2
1834,04,15/2/2026 11:00,21
1835,04,15/2/2026 12:00,46
1836,04,15/2/2026 13:00,21
1837,04,15/2/2026 14:00,2
1838,04,15/2/2026 15:00,7
1839,04,15/2/2026 16:00,6
1840,04,15/2/2026 17:00,0
1841,01,16/2/2026 8:30,134
1842,01,16/2/2026 9:30,57
1843,01,16/2/2026 10:30,87
1844,01,16/2/2026 11:30,290
1845,01,16/2/2026 12:30,291
1846,01,16/2/2026 13:30,90
1847,01,16/2/2026 14:30,8
1848,01,16/2/2026 15:30,2
1849,01,16/2/2026 16:30,34
1850,01,16/2/2026 17:30,160
1851,01,16/2/2026 18:30,161
1852,02,16/2/2026 7:00,67
1853,02,16/2/2026 8:00,64
1854,02,16/2/2026 9:00,4
1855,02,16/2/2026 10:00,13
1856,02,16/2/2026 11:00,141
1857,02,16/2/2026 12:00,285
1858,02,16/2/2026 13:00,135
1859,02,16/2/2026 14:00,13
1860,02,16/2/2026 15:00,0
1861,03,16/2/2026 7:00,62
1862,03,16/2/2026 8:00,59
1863,03,16/2/2026 9:00,4
1864,03,16/2/2026 10:00,12
1865,03,16/2/2026 11:00,127
1866,03,16/2/2026 12:00,266
1867,03,16/2/2026 13:00,124
1868,03,16/2/2026 14:00,12
1869,03,16/2/2026 15:00,0
1870,04,16/2/2026 7:00,38
1871,04,16/2/2026 8:00,40
1872,04,16/2/2026 9:00,3
1873,04,16/2/2026 10:00,8
1874,04,16/2/2026 11:00,90
1875,04,16/2/2026 12:00,189
1876,04,16/2/2026 13:00,87
1877,04,16/2/2026 14:00,9
1878,04,16/2/2026 15:00,26
1879,04,16/2/2026 16:00,27
1880,04,16/2/2026 17:00,1
1881,01,17/2/2026 8:30,126
1882,01,17/2/2026 9:30,54
1883,01,17/2/2026 10:30,86
1884,01,17/2/2026 11:30,283
1885,01,17/2/2026 12:30,268
1886,01,17/2/2026 13:30,80
1887,01,17/2/2026 14:30,7
1888,01,17/2/2026 15:30,2
1889,01,17/2/2026 16:30,33
1890,01,17/2/2026 17:30,143
1891,01,17/2/2026 18:30,156
1892,02,17/2/2026 7:00,59
1893,02,17/2/2026 8:00,61
1894,02,17/2/2026 9:00,4
1895,02,17/2/2026 10:00,12
1896,02,17/2/2026 11:00,133
1897,02,17/2/2026 12:00,280
1898,02,17/2/2026 13:00,126
1899,02,17/2/2026 14:00,13
1900,02,17/2/2026 15:00,0
1901,03,17/2/2026 7:00,59
1902,03,17/2/2026 8:00,60
1903,03,17/2/2026 9:00,4
1904,03,17/2/2026 10:00,11
1905,03,17/2/2026 11:00,119
1906,03,17/2/2026 12:00,258
1907,03,17/2/2026 13:00,119
1908,03,17/2/2026 14:00,11
1909,03,17/2/2026 15:00,0
1910,04,17/2/2026 7:00,37
1911,04,17/2/2026 8:00,37
1912,04,17/2/2026 9:00,2
1913,04,17/2/2026 10:00,8
1914,04,17/2/2026 11:00,77
1915,04,17/2/2026 12:00,168
1916,04,17/2/2026 13:00,79
1917,04,17/2/2026 14:00,8
1918,04,17/2/2026 15:00,25
1919,04,17/2/2026 16:00,25
1920,04,17/2/2026 17:00,0
1921,01,18/2/2026 8:30,103
1922,01,18/2/2026 9:30,42
1923,01,18/2/2026 10:30,71
1924,01,18/2/2026 11:30,234
1925,01,18/2/2026 12:30,220
1926,01,18/2/2026 13:30,69
1927,01,18/2/2026 14:30,6
1928,01,18/2/2026 15:30,1
1929,01,18/2/2026 16:30,27
1930,01,18/2/2026 17:30,116
1931,01,18/2/2026 18:30,119
1932,02,18/2/2026 7:00,48
1933,02,18/2/2026 8:00,48
1934,02,18/2/2026 9:00,3
1935,02,18/2/2026 10:00,10
1936,02,18/2/2026 11:00,99
1937,02,18/2/2026 12:00,231
1938,02,18/2/2026 13:00,102
1939,02,18/2/2026 14:00,10
1940,02,18/2/2026 15:00,0
1941,03,18/2/2026 7:00,48
1942,03,18/2/2026 8:00,45
1943,03,18/2/2026 9:00,3
1944,03,18/2/2026 10:00,9
1945,03,18/2/2026 11:00,99
1946,03,18/2/2026 12:00,215
1947,03,18/2/2026 13:00,94
1948,03,18/2/2026 14:00,9
1949,03,18/2/2026 15:00,0
1950,04,18/2/2026 7:00,29
1951,04,18/2/2026 8:00,29
1952,04,18/2/2026 9:00,2
1953,04,18/2/2026 10:00,6
1954,04,18/2/2026 11:00,64
1955,04,18/2/2026 12:00,141
1956,04,18/2/2026 13:00,63
1957,04,18/2/2026 14:00,7
1958,04,18/2/2026 15:00,22
1959,04,18/2/2026 16:00,21
1960,04,18/2/2026 17:00,0
1961,01,19/2/2026 8:30,113
1962,01,19/2/2026 9:30,49
1963,01,19/2/2026 10:30,78
1964,01,19/2/2026 11:30,253
1965,01,19/2/2026 12:30,256
1966,01,19/2/2026 13:30,71
1967,01,19/2/2026 14:30,6
1968,01,19/2/2026 15:30,1
1969,01,19/2/2026 16:30,27
1970,01,19/2/2026 17:30,136
1971,01,19/2/2026 18:30,132
1972,02,19/2/2026 7:00,57
1973,02,19/2/2026 8:00,54
1974,02,19/2/2026 9:00,4
1975,02,19/2/2026 10:00,11
1976,02,19/2/2026 11:00,117
1977,02,19/2/2026 12:00,246
1978,02,19/2/2026 13:00,117
1979,02,19/2/2026 14:00,11
1980,02,19/2/2026 15:00,0
1981,03,19/2/2026 7:00,49
1982,03,19/2/2026 8:00,49
1983,03,19/2/2026 9:00,3
1984,03,19/2/2026 10:00,10
1985,03,19/2/2026 11:00,108
1986,03,19/2/2026 12:00,218
1987,03,19/2/2026 13:00,106
1988,03,19/2/2026 14:00,10
1989,03,19/2/2026 15:00,0
1990,04,19/2/2026 7:00,33
1991,04,19/2/2026 8:00,33
1992,04,19/2/2026 9:00,2
1993,04,19/2/2026 10:00,7
1994,04,19/2/2026 11:00,74
1995,04,19/2/2026 12:00,160
1996,04,19/2/2026 13:00,72
1997,04,19/2/2026 14:00,7
1998,04,19/2/2026 15:00,23
1999,04,19/2/2026 16:00,22
2000,04,19/2/2026 17:00,0
2001,01,20/2/2026 8:30,97
2002,01,20/2/2026 9:30,40
2003,01,20/2/2026 10:30,59
2004,01,20/2/2026 11:30,214
2005,01,20/2/2026 12:30,204
2006,01,20/2/2026 13:30,58
2007,01,20/2/2026 14:30,5
2008,01,20/2/2026 15:30,1
2009,01,20/2/2026 16:30,24
2010,01,20/2/2026 17:30,109
2011,01,20/2/2026 18:30,112
2012,02,20/2/2026 7:00,44
2013,02,20/2/2026 8:00,45
2014,02,20/2/2026 9:00,3
2015,02,20/2/2026 10:00,9
2016,02,20/2/2026 11:00,92
2017,02,20/2/2026 12:00,201
2018,02,20/2/2026 13:00,88
2019,02,20/2/2026 14:00,9
2020,02,20/2/2026 15:00,0
2021,03,20/2/2026 7:00,43
2022,03,20/2/2026 8:00,43
2023,03,20/2/2026 9:00,3
2024,03,20/2/2026 10:00,8
2025,03,20/2/2026 11:00,86
2026,03,20/2/2026 12:00,182
2027,03,20/2/2026 13:00,82
2028,03,20/2/2026 14:00,8
2029,03,20/2/2026 15:00,0
2030,04,20/2/2026 7:00,27
2031,04,20/2/2026 8:00,26
2032,04,20/2/2026 9:00,2
2033,04,20/2/2026 10:00,6
2034,04,20/2/2026 11:00,58
2035,04,20/2/2026 12:00,133
2036,04,20/2/2026 13:00,59
2037,04,20/2/2026 14:00,6
2038,04,20/2/2026 15:00,19
2039,04,20/2/2026 16:00,18
2040,04,20/2/2026 17:00,0
2041,01,21/2/2026 8:30,35
2042,01,21/2/2026 9:30,14
2043,01,21/2/2026 10:30,22
2044,01,21/2/2026 11:30,79
2045,01,21/2/2026 12:30,74
2046,01,21/2/2026 13:30,23
2047,01,21/2/2026 14:30,2
2048,01,21/2/2026 15:30,0
2049,01,21/2/2026 16:30,9
2050,01,21/2/2026 17:30,41
2051,01,21/2/2026 18:30,39
2052,02,21/2/2026 7:00,16
2053,02,21/2/2026 8:00,17
2054,02,21/2/2026 9:00,1
2055,02,21/2/2026 10:00,3
2056,02,21/2/2026 11:00,36
2057,02,21/2/2026 12:00,75
2058,02,21/2/2026 13:00,36
2059,02,21/2/2026 14:00,3
2060,02,21/2/2026 15:00,0
2061,03,21/2/2026 7:00,15
2062,03,21/2/2026 8:00,16
2063,03,21/2/2026 9:00,1
2064,03,21/2/2026 10:00,3
2065,03,21/2/2026 11:00,33
2066,03,21/2/2026 12:00,71
2067,03,21/2/2026 13:00,32
2068,03,21/2/2026 14:00,3
2069,03,21/2/2026 15:00,0
2070,04,21/2/2026 7:00,10
2071,04,21/2/2026 8:00,10
2072,04,21/2/2026 9:00,1
2073,04,21/2/2026 10:00,2
2074,04,21/2/2026 11:00,23
2075,04,21/2/2026 12:00,46
2076,04,21/2/2026 13:00,23
2077,04,21/2/2026 14:00,2
2078,04,21/2/2026 15:00,7
2079,04,21/2/2026 16:00,7
2080,04,21/2/2026 17:00,0
2081,01,22/2/2026 8:30,23
2082,01,22/2/2026 9:30,10
2083,01,22/2/2026 10:30,16
2084,01,22/2/2026 11:30,55
2085,01,22/2/2026 12:30,52
2086,01,22/2/2026 13:30,15
2087,01,22/2/2026 14:30,1
2088,01,22/2/2026 15:30,0
2089,01,22/2/2026 16:30,6
2090,01,22/2/2026 17:30,30
2091,01,22/2/2026 18:30,28
2092,02,22/2/2026 7:00,12
2093,02,22/2/2026 8:00,12
2094,02,22/2/2026 9:00,1
2095,02,22/2/2026 10:00,2
2096,02,22/2/2026 11:00,25
2097,02,22/2/2026 12:00,50
2098,02,22/2/2026 13:00,24
2099,02,22/2/2026 14:00,2
2100,02,22/2/2026 15:00,0
2101,03,22/2/2026 7:00,10
2102,03,22/2/2026 8:00,11
2103,03,22/2/2026 9:00,1
2104,03,22/2/2026 10:00,2
2105,03,22/2/2026 11:00,23
2106,03,22/2/2026 12:00,49
2107,03,22/2/2026 13:00,23
2108,03,22/2/2026 14:00,2
2109,03,22/2/2026 15:00,0
2110,04,22/2/2026 7:00,7
2111,04,22/2/2026 8:00,7
2112,04,22/2/2026 9:00,0
2113,04,22/2/2026 10:00,2
2114,04,22/2/2026 11:00,15
2115,04,22/2/2026 12:00,32
2116,04,22/2/2026 13:00,15
2117,04,22/2/2026 14:00,2
2118,04,22/2/2026 15:00,5
2119,04,22/2/2026 16:00,5
2120,04,22/2/2026 17:00,0
2121,01,23/2/2026 8:30,135
2122,01,23/2/2026 9:30,60
2123,01,23/2/2026 10:30,91
2124,01,23/2/2026 11:30,310
2125,01,23/2/2026 12:30,309
2126,01,23/2/2026 13:30,87
2127,01,23/2/2026 14:30,7
2128,01,23/2/2026 15:30,2
2129,01,23/2/2026 16:30,33
2130,01,23/2/2026 17:30,167
2131,01,23/2/2026 18:30,160
2132,02,23/2/2026 7:00,69
2133,02,23/2/2026 8:00,65
2134,02,23/2/2026 9:00,5
2135,02,23/2/2026 10:00,13
2136,02,23/2/2026 11:00,143
2137,02,23/2/2026 12:00,305
2138,02,23/2/2026 13:00,137
2139,02,23/2/2026 14:00,14
2140,02,23/2/2026 15:00,0
2141,03,23/2/2026 7:00,61
2142,03,23/2/2026 8:00,64
2143,03,23/2/2026 9:00,4
2144,03,23/2/2026 10:00,13
2145,03,23/2/2026 11:00,133
2146,03,23/2/2026 12:00,274
2147,03,23/2/2026 13:00,130
2148,03,23/2/2026 14:00,12
2149,03,23/2/2026 15:00,0
2150,04,23/2/2026 7:00,42
2151,04,23/2/2026 8:00,40
2152,04,23/2/2026 9:00,3
2153,04,23/2/2026 10:00,9
2154,04,23/2/2026 11:00,87
2155,04,23/2/2026 12:00,194
2156,04,23/2/2026 13:00,89
2157,04,23/2/2026 14:00,9
2158,04,23/2/2026 15:00,28
2159,04,23/2/2026 16:00,28
2160,04,23/2/2026 17:00,1
2161,01,24/2/2026 8:30,93
2162,01,24/2/2026 9:30,41
2163,01,24/2/2026 10:30,64
2164,01,24/2/2026 11:30,216
2165,01,24/2/2026 12:30,207
2166,01,24/2/2026 13:30,59
2167,01,24/2/2026 14:30,5
2168,01,24/2/2026 15:30,1
2169,01,24/2/2026 16:30,23
2170,01,24/2/2026 17:30,110
2171,01,24/2/2026 18:30,109
2172,02,24/2/2026 7:00,45
2173,02,24/2/2026 8:00,46
2174,02,24/2/2026 9:00,3
2175,02,24/2/2026 10:00,9
2176,02,24/2/2026 11:00,91
2177,02,24/2/2026 12:00,205
2178,02,24/2/2026 13:00,91
2179,02,24/2/2026 14:00,9
2180,02,24/2/2026 15:00,0
2181,03,24/2/2026 7:00,43
2182,03,24/2/2026 8:00,42
2183,03,24/2/2026 9:00,3
2184,03,24/2/2026 10:00,8
2185,03,24/2/2026 11:00,92
2186,03,24/2/2026 12:00,201
2187,03,24/2/2026 13:00,93
2188,03,24/2/2026 14:00,9
2189,03,24/2/2026 15:00,0
2190,04,24/2/2026 7:00,27
2191,04,24/2/2026 8:00,27
2192,04,24/2/2026 9:00,2
2193,04,24/2/2026 10:00,6
2194,04,24/2/2026 11:00,58
2195,04,24/2/2026 12:00,132
2196,04,24/2/2026 13:00,60
2197,04,24/2/2026 14:00,6
2198,04,24/2/2026 15:00,18
2199,04,24/2/2026 16:00,19
2200,04,24/2/2026 17:00,0
2201,01,25/2/2026 8:30,124
2202,01,25/2/2026 9:30,49
2203,01,25/2/2026 10:30,77
2204,01,25/2/2026 11:30,265
2205,01,25/2/2026 12:30,282
2206,01,25/2/2026 13:30,77
2207,01,25/2/2026 14:30,7
2208,01,25/2/2026 15:30,2
2209,01,25/2/2026 16:30,30
2210,01,25/2/2026 17:30,142
2211,01,25/2/2026 18:30,148
2212,02,25/2/2026 7:00,61
2213,02,25/2/2026 8:00,62
2214,02,25/2/2026 9:00,4
2215,02,25/2/2026 10:00,11
2216,02,25/2/2026 11:00,127
2217,02,25/2/2026 12:00,258
2218,02,25/2/2026 13:00,120
2219,02,25/2/2026 14:00,12
2220,02,25/2/2026 15:00,0
2221,03,25/2/2026 7:00,54
2222,03,25/2/2026 8:00,56
2223,03,25/2/2026 9:00,4
2224,03,25/2/2026 10:00,11
2225,03,25/2/2026 11:00,110
2226,03,25/2/2026 12:00,244
2227,03,25/2/2026 13:00,117
2228,03,25/2/2026 14:00,11
2229,03,25/2/2026 15:00,0
2230,04,25/2/2026 7:00,36
2231,04,25/2/2026 8:00,36
2232,04,25/2/2026 9:00,2
2233,04,25/2/2026 10:00,8
2234,04,25/2/2026 11:00,78
2235,04,25/2/2026 12:00,178
2236,04,25/2/2026 13:00,78
2237,04,25/2/2026 14:00,8
2238,04,25/2/2026 15:00,24
2239,04,25/2/2026 16:00,24
2240,04,25/2/2026 17:00,0
2241,01,26/2/2026 8:30,136
2242,01,26/2/2026 9:30,54
2243,01,26/2/2026 10:30,87
2244,01,26/2/2026 11:30,295
2245,01,26/2/2026 12:30,283
2246,01,26/2/2026 13:30,86
2247,01,26/2/2026 14:30,7
2248,01,26/2/2026 15:30,2
2249,01,26/2/2026 16:30,31
2250,01,26/2/2026 17:30,163
2251,01,26/2/2026 18:30,155
2252,02,26/2/2026 7:00,63
2253,02,26/2/2026 8:00,64
2254,02,26/2/2026 9:00,4
2255,02,26/2/2026 10:00,13
2256,02,26/2/2026 11:00,132
2257,02,26/2/2026 12:00,295
2258,02,26/2/2026 13:00,129
2259,02,26/2/2026 14:00,13
2260,02,26/2/2026 15:00,0
2261,03,26/2/2026 7:00,60
2262,03,26/2/2026 8:00,57
2263,03,26/2/2026 9:00,4
2264,03,26/2/2026 10:00,12
2265,03,26/2/2026 11:00,120
2266,03,26/2/2026 12:00,270
2267,03,26/2/2026 13:00,116
2268,03,26/2/2026 14:00,12
2269,03,26/2/2026 15:00,0
2270,04,26/2/2026 7:00,38
2271,04,26/2/2026 8:00,39
2272,04,26/2/2026 9:00,3
2273,04,26/2/2026 10:00,8
2274,04,26/2/2026 11:00,80
2275,04,26/2/2026 12:00,179
2276,04,26/2/2026 13:00,84
2277,04,26/2/2026 14:00,9
2278,04,26/2/2026 15:00,27
2279,04,26/2/2026 16:00,26
2280,04,26/2/2026 17:00,0
2281,01,27/2/2026 8:30,114
2282,01,27/2/2026 9:30,46
2283,01,27/2/2026 10:30,73
2284,01,27/2/2026 11:30,241
2285,01,27/2/2026 12:30,233
2286,01,27/2/2026 13:30,68
2287,01,27/2/2026 14:30,6
2288,01,27/2/2026 15:30,1
2289,01,27/2/2026 16:30,26
2290,01,27/2/2026 17:30,136
2291,01,27/2/2026 18:30,126
2292,02,27/2/2026 7:00,53
2293,02,27/2/2026 8:00,54
2294,02,27/2/2026 9:00,3
2295,02,27/2/2026 10:00,11
2296,02,27/2/2026 11:00,110
2297,02,27/2/2026 12:00,240
2298,02,27/2/2026 13:00,113
2299,02,27/2/2026 14:00,10
2300,02,27/2/2026 15:00,0
2301,03,27/2/2026 7:00,52
2302,03,27/2/2026 8:00,48
2303,03,27/2/2026 9:00,3
2304,03,27/2/2026 10:00,10
2305,03,27/2/2026 11:00,104
2306,03,27/2/2026 12:00,216
2307,03,27/2/2026 13:00,107
2308,03,27/2/2026 14:00,10
2309,03,27/2/2026 15:00,0
2310,04,27/2/2026 7:00,31
2311,04,27/2/2026 8:00,32
2312,04,27/2/2026 9:00,2
2313,04,27/2/2026 10:00,7
2314,04,27/2/2026 11:00,70
2315,04,27/2/2026 12:00,149
2316,04,27/2/2026 13:00,72
2317,04,27/2/2026 14:00,7
2318,04,27/2/2026 15:00,21
2319,04,27/2/2026 16:00,22
2320,04,27/2/2026 17:00,0
2321,01,28/2/2026 8:30,30
2322,01,28/2/2026 9:30,13
2323,01,28/2/2026 10:30,19
2324,01,28/2/2026 11:30,68
2325,01,28/2/2026 12:30,69
2326,01,28/2/2026 13:30,19
2327,01,28/2/2026 14:30,2
2328,01,28/2/2026 15:30,0
2329,01,28/2/2026 16:30,7
2330,01,28/2/2026 17:30,35
2331,01,28/2/2026 18:30,35
2332,02,28/2/2026 7:00,14
2333,02,28/2/2026 8:00,15
2334,02,28/2/2026 9:00,1
2335,02,28/2/2026 10:00,3
2336,02,28/2/2026 11:00,30
2337,02,28/2/2026 12:00,66
2338,02,28/2/2026 13:00,30
2339,02,28/2/2026 14:00,3
2340,02,28/2/2026 15:00,0
2341,03,28/2/2026 7:00,14
2342,03,28/2/2026 8:00,14
2343,03,28/2/2026 9:00,1
2344,03,28/2/2026 10:00,3
2345,03,28/2/2026 11:00,28
2346,03,28/2/2026 12:00,58
2347,03,28/2/2026 13:00,27
2348,03,28/2/2026 14:00,3
2349,03,28/2/2026 15:00,0
2350,04,28/2/2026 7:00,8
2351,04,28/2/2026 8:00,9
2352,04,28/2/2026 9:00,1
2353,04,28/2/2026 10:00,2
2354,04,28/2/2026 11:00,19
2355,04,28/2/2026 12:00,41
2356,04,28/2/2026 13:00,19
2357,04,28/2/2026 14:00,2
2358,04,28/2/2026 15:00,6
2359,04,28/2/2026 16:00,6
2360,04,28/2/2026 17:00,0
2361,01,1/3/2026 8:30,30
2362,01,1/3/2026 9:30,12
2363,01,1/3/2026 10:30,19
2364,01,1/3/2026 11:30,65
2365,01,1/3/2026 12:30,63
2366,01,1/3/2026 13:30,19
2367,01,1/3/2026 14:30,2
2368,01,1/3/2026 15:30,0
2369,01,1/3/2026 16:30,8
2370,01,1/3/2026 17:30,37
2371,01,1/3/2026 18:30,35
2372,02,1/3/2026 7:00,14
2373,02,1/3/2026 8:00,15
2374,02,1/3/2026 9:00,1
2375,02,1/3/2026 10:00,3
2376,02,1/3/2026 11:00,30
2377,02,1/3/2026 12:00,62
2378,02,1/3/2026 13:00,28
2379,02,1/3/2026 14:00,3
2380,02,1/3/2026 15:00,0
2381,03,1/3/2026 7:00,13
2382,03,1/3/2026 8:00,13
2383,03,1/3/2026 9:00,1
2384,03,1/3/2026 10:00,3
2385,03,1/3/2026 11:00,28
2386,03,1/3/2026 12:00,62
2387,03,1/3/2026 13:00,28
2388,03,1/3/2026 14:00,3
2389,03,1/3/2026 15:00,0
2390,04,1/3/2026 7:00,9
2391,04,1/3/2026 8:00,9
2392,04,1/3/2026 9:00,1
2393,04,1/3/2026 10:00,2
2394,04,1/3/2026 11:00,18
2395,04,1/3/2026 12:00,42
2396,04,1/3/2026 13:00,19
2397,04,1/3/2026 14:00,2
2398,04,1/3/2026 15:00,6
2399,04,1/3/2026 16:00,6
2400,04,1/3/2026 17:00,0
2401,01,2/3/2026 8:30,112
2402,01,2/3/2026 9:30,44
2403,01,2/3/2026 10:30,69
2404,01,2/3/2026 11:30,242
2405,01,2/3/2026 12:30,233
2406,01,2/3/2026 13:30,72
2407,01,2/3/2026 14:30,6
2408,01,2/3/2026 15:30,1
2409,01,2/3/2026 16:30,27
2410,01,2/3/2026 17:30,126
2411,01,2/3/2026 18:30,123
2412,02,2/3/2026 7:00,53
2413,02,2/3/2026 8:00,52
2414,02,2/3/2026 9:00,3
2415,02,2/3/2026 10:00,10
2416,02,2/3/2026 11:00,103
2417,02,2/3/2026 12:00,224
2418,02,2/3/2026 13:00,101
2419,02,2/3/2026 14:00,10
2420,02,2/3/2026 15:00,0
2421,03,2/3/2026 7:00,48
2422,03,2/3/2026 8:00,47
2423,03,2/3/2026 9:00,3
2424,03,2/3/2026 10:00,9
2425,03,2/3/2026 11:00,96
2426,03,2/3/2026 12:00,222
2427,03,2/3/2026 13:00,103
2428,03,2/3/2026 14:00,10
2429,03,2/3/2026 15:00,0
2430,04,2/3/2026 7:00,32
2431,04,2/3/2026 8:00,32
2432,04,2/3/2026 9:00,2
2433,04,2/3/2026 10:00,7
2434,04,2/3/2026 11:00,70
2435,04,2/3/2026 12:00,142
2436,04,2/3/2026 13:00,70
2437,04,2/3/2026 14:00,7
2438,04,2/3/2026 15:00,22
2439,04,2/3/2026 16:00,22
2440,04,2/3/2026 17:00,0
2441,01,3/3/2026 8:30,125
2442,01,3/3/2026 9:30,52
2443,01,3/3/2026 10:30,80
2444,01,3/3/2026 11:30,273
2445,01,3/3/2026 12:30,274
2446,01,3/3/2026 13:30,81
2447,01,3/3/2026 14:30,7
2448,01,3/3/2026 15:30,1
2449,01,3/3/2026 16:30,31
2450,01,3/3/2026 17:30,144
2451,01,3/3/2026 18:30,153
2452,02,3/3/2026 7:00,60
2453,02,3/3/2026 8:00,63
2454,02,3/3/2026 9:00,4
2455,02,3/3/2026 10:00,11
2456,02,3/3/2026 11:00,128
2457,02,3/3/2026 12:00,278
2458,02,3/3/2026 13:00,127
2459,02,3/3/2026 14:00,12
2460,02,3/3/2026 15:00,0
2461,03,3/3/2026 7:00,55
2462,03,3/3/2026 8:00,54
2463,03,3/3/2026 9:00,4
2464,03,3/3/2026 10:00,11
2465,03,3/3/2026 11:00,115
2466,03,3/3/2026 12:00,245
2467,03,3/3/2026 13:00,113
2468,03,3/3/2026 14:00,11
2469,03,3/3/2026 15:00,0
2470,04,3/3/2026 7:00,36
2471,04,3/3/2026 8:00,36
2472,04,3/3/2026 9:00,2
2473,04,3/3/2026 10:00,8
2474,04,3/3/2026 11:00,81
2475,04,3/3/2026 12:00,166
2476,04,3/3/2026 13:00,76
2477,04,3/3/2026 14:00,8
2478,04,3/3/2026 15:00,25
2479,04,3/3/2026 16:00,24
2480,04,3/3/2026 17:00,0
2481,01,4/3/2026 8:30,108
2482,01,4/3/2026 9:30,49
2483,01,4/3/2026 10:30,72
2484,01,4/3/2026 11:30,255
2485,01,4/3/2026 12:30,241
2486,01,4/3/2026 13:30,74
2487,01,4/3/2026 14:30,6
2488,01,4/3/2026 15:30,1
2489,01,4/3/2026 16:30,27
2490,01,4/3/2026 17:30,135
2491,01,4/3/2026 18:30,130
2492,02,4/3/2026 7:00,54
2493,02,4/3/2026 8:00,57
2494,02,4/3/2026 9:00,4
2495,02,4/3/2026 10:00,11
2496,02,4/3/2026 11:00,111
2497,02,4/3/2026 12:00,251
2498,02,4/3/2026 13:00,110
2499,02,4/3/2026 14:00,11
2500,02,4/3/2026 15:00,0
2501,03,4/3/2026 7:00,49
2502,03,4/3/2026 8:00,51
2503,03,4/3/2026 9:00,3
2504,03,4/3/2026 10:00,10
2505,03,4/3/2026 11:00,107
2506,03,4/3/2026 12:00,218
2507,03,4/3/2026 13:00,107
2508,03,4/3/2026 14:00,10
2509,03,4/3/2026 15:00,0
2510,04,4/3/2026 7:00,32
2511,04,4/3/2026 8:00,32
2512,04,4/3/2026 9:00,2
2513,04,4/3/2026 10:00,7
2514,04,4/3/2026 11:00,74
2515,04,4/3/2026 12:00,151
2516,04,4/3/2026 13:00,71
2517,04,4/3/2026 14:00,8
2518,04,4/3/2026 15:00,22
2519,04,4/3/2026 16:00,23
2520,04,4/3/2026 17:00,0
2521,01,5/3/2026 8:30,103
2522,01,5/3/2026 9:30,39
2523,01,5/3/2026 10:30,65
2524,01,5/3/2026 11:30,206
2525,01,5/3/2026 12:30,220
2526,01,5/3/2026 13:30,63
2527,01,5/3/2026 14:30,5
2528,01,5/3/2026 15:30,1
2529,01,5/3/2026 16:30,23
2530,01,5/3/2026 17:30,115
2531,01,5/3/2026 18:30,118
2532,02,5/3/2026 7:00,49
2533,02,5/3/2026 8:00,46
2534,02,5/3/2026 9:00,3
2535,02,5/3/2026 10:00,10
2536,02,5/3/2026 11:00,99
2537,02,5/3/2026 12:00,211
2538,02,5/3/2026 13:00,102
2539,02,5/3/2026 14:00,9
2540,02,5/3/2026 15:00,0
2541,03,5/3/2026 7:00,43
2542,03,5/3/2026 8:00,42
2543,03,5/3/2026 9:00,3
2544,03,5/3/2026 10:00,9
2545,03,5/3/2026 11:00,92
2546,03,5/3/2026 12:00,204
2547,03,5/3/2026 13:00,93
2548,03,5/3/2026 14:00,9
2549,03,5/3/2026 15:00,0
2550,04,5/3/2026 7:00,28
2551,04,5/3/2026 8:00,28
2552,04,5/3/2026 9:00,2
2553,04,5/3/2026 10:00,6
2554,04,5/3/2026 11:00,61
2555,04,5/3/2026 12:00,130
2556,04,5/3/2026 13:00,65
2557,04,5/3/2026 14:00,7
2558,04,5/3/2026 15:00,20
2559,04,5/3/2026 16:00,19
2560,04,5/3/2026 17:00,0
2561,01,6/3/2026 8:30,12
2562,01,6/3/2026 9:30,5
2563,01,6/3/2026 10:30,8
2564,01,6/3/2026 11:30,28
2565,01,6/3/2026 12:30,26
2566,01,6/3/2026 13:30,8
2567,01,6/3/2026 14:30,1
2568,01,6/3/2026 15:30,0
2569,01,6/3/2026 16:30,3
2570,01,6/3/2026 17:30,15
2571,01,6/3/2026 18:30,15
2572,02,6/3/2026 7:00,6
2573,02,6/3/2026 8:00,6
2574,02,6/3/2026 9:00,0
2575,02,6/3/2026 10:00,1
2576,02,6/3/2026 11:00,11
2577,02,6/3/2026 12:00,25
2578,02,6/3/2026 13:00,12
2579,02,6/3/2026 14:00,1
2580,02,6/3/2026 15:00,0
2581,03,6/3/2026 7:00,5
2582,03,6/3/2026 8:00,5
2583,03,6/3/2026 9:00,0
2584,03,6/3/2026 10:00,1
2585,03,6/3/2026 11:00,11
2586,03,6/3/2026 12:00,25
2587,03,6/3/2026 13:00,11
2588,03,6/3/2026 14:00,1
2589,03,6/3/2026 15:00,0
2590,04,6/3/2026 7:00,3
2591,04,6/3/2026 8:00,4
2592,04,6/3/2026 9:00,0
2593,04,6/3/2026 10:00,1
2594,04,6/3/2026 11:00,8
2595,04,6/3/2026 12:00,17
2596,04,6/3/2026 13:00,8
2597,04,6/3/2026 14:00,1
2598,04,6/3/2026 15:00,2
2599,04,6/3/2026 16:00,2
2600,04,6/3/2026 17:00,0
2601,01,7/3/2026 8:30,23
2602,01,7/3/2026 9:30,10
2603,01,7/3/2026 10:30,16
2604,01,7/3/2026 11:30,53
2605,01,7/3/2026 12:30,51
2606,01,7/3/2026 13:30,16
2607,01,7/3/2026 14:30,1
2608,01,7/3/2026 15:30,0
2609,01,7/3/2026 16:30,6
2610,01,7/3/2026 17:30,28
2611,01,7/3/2026 18:30,27
2612,02,7/3/2026 7:00,12
2613,02,7/3/2026 8:00,12
2614,02,7/3/2026 9:00,1
2615,02,7/3/2026 10:00,2
2616,02,7/3/2026 11:00,23
2617,02,7/3/2026 12:00,49
2618,02,7/3/2026 13:00,24
2619,02,7/3/2026 14:00,2
2620,02,7/3/2026 15:00,0
2621,03,7/3/2026 7:00,11
2622,03,7/3/2026 8:00,10
2623,03,7/3/2026 9:00,1
2624,03,7/3/2026 10:00,2
2625,03,7/3/2026 11:00,21
2626,03,7/3/2026 12:00,49
2627,03,7/3/2026 13:00,22
2628,03,7/3/2026 14:00,2
2629,03,7/3/2026 15:00,0
2630,04,7/3/2026 7:00,7
2631,04,7/3/2026 8:00,7
2632,04,7/3/2026 9:00,0
2633,04,7/3/2026 10:00,1
2634,04,7/3/2026 11:00,15
2635,04,7/3/2026 12:00,32
2636,04,7/3/2026 13:00,15
2637,04,7/3/2026 14:00,2
2638,04,7/3/2026 15:00,5
2639,04,7/3/2026 16:00,5
2640,04,7/3/2026 17:00,0
2641,01,8/3/2026 8:30,33
2642,01,8/3/2026 9:30,14
2643,01,8/3/2026 10:30,22
2644,01,8/3/2026 11:30,71
2645,01,8/3/2026 12:30,77
2646,01,8/3/2026 13:30,22
2647,01,8/3/2026 14:30,2
2648,01,8/3/2026 15:30,0
2649,01,8/3/2026 16:30,8
2650,01,8/3/2026 17:30,39
2651,01,8/3/2026 18:30,39
2652,02,8/3/2026 7:00,16
2653,02,8/3/2026 8:00,17
2654,02,8/3/2026 9:00,1
2655,02,8/3/2026 10:00,3
2656,02,8/3/2026 11:00,33
2657,02,8/3/2026 12:00,73
2658,02,8/3/2026 13:00,35
2659,02,8/3/2026 14:00,3
2660,02,8/3/2026 15:00,0
2661,03,8/3/2026 7:00,16
2662,03,8/3/2026 8:00,16
2663,03,8/3/2026 9:00,1
2664,03,8/3/2026 10:00,3
2665,03,8/3/2026 11:00,30
2666,03,8/3/2026 12:00,70
2667,03,8/3/2026 13:00,30
2668,03,8/3/2026 14:00,3
2669,03,8/3/2026 15:00,0
2670,04,8/3/2026 7:00,9
2671,04,8/3/2026 8:00,10
2672,04,8/3/2026 9:00,1
2673,04,8/3/2026 10:00,2
2674,04,8/3/2026 11:00,21
2675,04,8/3/2026 12:00,47
2676,04,8/3/2026 13:00,21
2677,04,8/3/2026 14:00,2
2678,04,8/3/2026 15:00,6
2679,04,8/3/2026 16:00,7
2680,04,8/3/2026 17:00,0
2681,01,9/3/2026 8:30,99
2682,01,9/3/2026 9:30,43
2683,01,9/3/2026 10:30,67
2684,01,9/3/2026 11:30,225
2685,01,9/3/2026 12:30,237
2686,01,9/3/2026 13:30,69
2687,01,9/3/2026 14:30,6
2688,01,9/3/2026 15:30,1
2689,01,9/3/2026 16:30,26
2690,01,9/3/2026 17:30,126
2691,01,9/3/2026 18:30,125
2692,02,9/3/2026 7:00,48
2693,02,9/3/2026 8:00,50
2694,02,9/3/2026 9:00,3
2695,02,9/3/2026 10:00,10
2696,02,9/3/2026 11:00,99
2697,02,9/3/2026 12:00,237
2698,02,9/3/2026 13:00,105
2699,02,9/3/2026 14:00,10
2700,02,9/3/2026 15:00,0
2701,03,9/3/2026 7:00,49
2702,03,9/3/2026 8:00,47
2703,03,9/3/2026 9:00,3
2704,03,9/3/2026 10:00,9
2705,03,9/3/2026 11:00,100
2706,03,9/3/2026 12:00,201
2707,03,9/3/2026 13:00,92
2708,03,9/3/2026 14:00,9
2709,03,9/3/2026 15:00,0
2710,04,9/3/2026 7:00,29
2711,04,9/3/2026 8:00,30
2712,04,9/3/2026 9:00,2
2713,04,9/3/2026 10:00,7
2714,04,9/3/2026 11:00,64
2715,04,9/3/2026 12:00,141
2716,04,9/3/2026 13:00,65
2717,04,9/3/2026 14:00,7
2718,04,9/3/2026 15:00,21
2719,04,9/3/2026 16:00,21
2720,04,9/3/2026 17:00,0
2721,01,10/3/2026 8:30,101
2722,01,10/3/2026 9:30,42
2723,01,10/3/2026 10:30,71
2724,01,10/3/2026 11:30,234
2725,01,10/3/2026 12:30,224
2726,01,10/3/2026 13:30,65
2727,01,10/3/2026 14:30,6
2728,01,10/3/2026 15:30,1
2729,01,10/3/2026 16:30,26
2730,01,10/3/2026 17:30,129
2731,01,10/3/2026 18:30,120
2732,02,10/3/2026 7:00,50
2733,02,10/3/2026 8:00,50
2734,02,10/3/2026 9:00,3
2735,02,10/3/2026 10:00,10
2736,02,10/3/2026 11:00,107
2737,02,10/3/2026 12:00,236
2738,02,10/3/2026 13:00,107
2739,02,10/3/2026 14:00,10
2740,02,10/3/2026 15:00,0
2741,03,10/3/2026 7:00,47
2742,03,10/3/2026 8:00,45
2743,03,10/3/2026 9:00,3
2744,03,10/3/2026 10:00,9
2745,03,10/3/2026 11:00,97
2746,03,10/3/2026 12:00,216
2747,03,10/3/2026 13:00,95
2748,03,10/3/2026 14:00,10
2749,03,10/3/2026 15:00,0
2750,04,10/3/2026 7:00,30
2751,04,10/3/2026 8:00,30
2752,04,10/3/2026 9:00,2
2753,04,10/3/2026 10:00,6
2754,04,10/3/2026 11:00,67
2755,04,10/3/2026 12:00,150
2756,04,10/3/2026 13:00,64
2757,04,10/3/2026 14:00,6
2758,04,10/3/2026 15:00,22
2759,04,10/3/2026 16:00,22
2760,04,10/3/2026 17:00,0
2761,01,11/3/2026 8:30,131
2762,01,11/3/2026 9:30,56
2763,01,11/3/2026 10:30,88
2764,01,11/3/2026 11:30,294
2765,01,11/3/2026 12:30,284
2766,01,11/3/2026 13:30,87
2767,01,11/3/2026 14:30,7
2768,01,11/3/2026 15:30,2
2769,01,11/3/2026 16:30,34
2770,01,11/3/2026 17:30,155
2771,01,11/3/2026 18:30,150
2772,02,11/3/2026 7:00,67
2773,02,11/3/2026 8:00,66
2774,02,11/3/2026 9:00,4
2775,02,11/3/2026 10:00,12
2776,02,11/3/2026 11:00,131
2777,02,11/3/2026 12:00,278
2778,02,11/3/2026 13:00,132
2779,02,11/3/2026 14:00,13
2780,02,11/3/2026 15:00,0
2781,03,11/3/2026 7:00,57
2782,03,11/3/2026 8:00,61
2783,03,11/3/2026 9:00,4
2784,03,11/3/2026 10:00,11
2785,03,11/3/2026 11:00,118
2786,03,11/3/2026 12:00,261
2787,03,11/3/2026 13:00,127
2788,03,11/3/2026 14:00,11
2789,03,11/3/2026 15:00,0
2790,04,11/3/2026 7:00,37
2791,04,11/3/2026 8:00,37
2792,04,11/3/2026 9:00,3
2793,04,11/3/2026 10:00,8
2794,04,11/3/2026 11:00,80
2795,04,11/3/2026 12:00,179
2796,04,11/3/2026 13:00,81
2797,04,11/3/2026 14:00,8
2798,04,11/3/2026 15:00,27
2799,04,11/3/2026 16:00,26
2800,04,11/3/2026 17:00,0
2801,01,12/3/2026 8:30,135
2802,01,12/3/2026 9:30,57
2803,01,12/3/2026 10:30,89
2804,01,12/3/2026 11:30,285
2805,01,12/3/2026 12:30,290
2806,01,12/3/2026 13:30,84
2807,01,12/3/2026 14:30,7
2808,01,12/3/2026 15:30,2
2809,01,12/3/2026 16:30,32
2810,01,12/3/2026 17:30,149
2811,01,12/3/2026 18:30,151
2812,02,12/3/2026 7:00,62
2813,02,12/3/2026 8:00,66
2814,02,12/3/2026 9:00,4
2815,02,12/3/2026 10:00,12
2816,02,12/3/2026 11:00,137
2817,02,12/3/2026 12:00,286
2818,02,12/3/2026 13:00,134
2819,02,12/3/2026 14:00,13
2820,02,12/3/2026 15:00,0
2821,03,12/3/2026 7:00,57
2822,03,12/3/2026 8:00,60
2823,03,12/3/2026 9:00,4
2824,03,12/3/2026 10:00,12
2825,03,12/3/2026 11:00,126
2826,03,12/3/2026 12:00,253
2827,03,12/3/2026 13:00,127
2828,03,12/3/2026 14:00,11
2829,03,12/3/2026 15:00,0
2830,04,12/3/2026 7:00,39
2831,04,12/3/2026 8:00,37
2832,04,12/3/2026 9:00,3
2833,04,12/3/2026 10:00,8
2834,04,12/3/2026 11:00,81
2835,04,12/3/2026 12:00,184
2836,04,12/3/2026 13:00,86
2837,04,12/3/2026 14:00,9
2838,04,12/3/2026 15:00,27
2839,04,12/3/2026 16:00,25
2840,04,12/3/2026 17:00,0
2841,01,13/3/2026 8:30,139
2842,01,13/3/2026 9:30,58
2843,01,13/3/2026 10:30,88
2844,01,13/3/2026 11:30,320
2845,01,13/3/2026 12:30,316
2846,01,13/3/2026 13:30,89
2847,01,13/3/2026 14:30,7
2848,01,13/3/2026 15:30,2
2849,01,13/3/2026 16:30,33
2850,01,13/3/2026 17:30,158
2851,01,13/3/2026 18:30,158
2852,02,13/3/2026 7:00,67
2853,02,13/3/2026 8:00,64
2854,02,13/3/2026 9:00,5
2855,02,13/3/2026 10:00,13
2856,02,13/3/2026 11:00,132
2857,02,13/3/2026 12:00,307
2858,02,13/3/2026 13:00,143
2859,02,13/3/2026 14:00,14
2860,02,13/3/2026 15:00,0
2861,03,13/3/2026 7:00,59
2862,03,13/3/2026 8:00,63
2863,03,13/3/2026 9:00,4
2864,03,13/3/2026 10:00,13
2865,03,13/3/2026 11:00,132
2866,03,13/3/2026 12:00,289
2867,03,13/3/2026 13:00,134
2868,03,13/3/2026 14:00,12
2869,03,13/3/2026 15:00,0
2870,04,13/3/2026 7:00,39
2871,04,13/3/2026 8:00,38
2872,04,13/3/2026 9:00,3
2873,04,13/3/2026 10:00,8
2874,04,13/3/2026 11:00,85
2875,04,13/3/2026 12:00,201
2876,04,13/3/2026 13:00,90
2877,04,13/3/2026 14:00,9
2878,04,13/3/2026 15:00,28
2879,04,13/3/2026 16:00,26
2880,04,13/3/2026 17:00,1
2881,01,14/3/2026 8:30,33
2882,01,14/3/2026 9:30,13
2883,01,14/3/2026 10:30,20
2884,01,14/3/2026 11:30,70
2885,01,14/3/2026 12:30,67
2886,01,14/3/2026 13:30,20
2887,01,14/3/2026 14:30,2
2888,01,14/3/2026 15:30,0
2889,01,14/3/2026 16:30,8
2890,01,14/3/2026 17:30,39
2891,01,14/3/2026 18:30,39
2892,02,14/3/2026 7:00,15
2893,02,14/3/2026 8:00,16
2894,02,14/3/2026 9:00,1
2895,02,14/3/2026 10:00,3
2896,02,14/3/2026 11:00,32
2897,02,14/3/2026 12:00,71
2898,02,14/3/2026 13:00,33
2899,02,14/3/2026 14:00,3
2900,02,14/3/2026 15:00,0
2901,03,14/3/2026 7:00,15
2902,03,14/3/2026 8:00,14
2903,03,14/3/2026 9:00,1
2904,03,14/3/2026 10:00,3
2905,03,14/3/2026 11:00,30
2906,03,14/3/2026 12:00,61
2907,03,14/3/2026 13:00,30
2908,03,14/3/2026 14:00,3
2909,03,14/3/2026 15:00,0
2910,04,14/3/2026 7:00,9
2911,04,14/3/2026 8:00,9
2912,04,14/3/2026 9:00,1
2913,04,14/3/2026 10:00,2
2914,04,14/3/2026 11:00,19
2915,04,14/3/2026 12:00,42
2916,04,14/3/2026 13:00,20
2917,04,14/3/2026 14:00,2
2918,04,14/3/2026 15:00,6
2919,04,14/3/2026 16:00,6
2920,04,14/3/2026 17:00,0
2921,01,15/3/2026 8:30,36
2922,01,15/3/2026 9:30,14
2923,01,15/3/2026 10:30,23
2924,01,15/3/2026 11:30,77
2925,01,15/3/2026 12:30,74
2926,01,15/3/2026 13:30,22
2927,01,15/3/2026 14:30,2
2928,01,15/3/2026 15:30,0
2929,01,15/3/2026 16:30,9
2930,01,15/3/2026 17:30,40
2931,01,15/3/2026 18:30,39
2932,02,15/3/2026 7:00,17
2933,02,15/3/2026 8:00,17
2934,02,15/3/2026 9:00,1
2935,02,15/3/2026 10:00,3
2936,02,15/3/2026 11:00,33
2937,02,15/3/2026 12:00,73
2938,02,15/3/2026 13:00,34
2939,02,15/3/2026 14:00,3
2940,02,15/3/2026 15:00,0
2941,03,15/3/2026 7:00,16
2942,03,15/3/2026 8:00,15
2943,03,15/3/2026 9:00,1
2944,03,15/3/2026 10:00,3
2945,03,15/3/2026 11:00,32
2946,03,15/3/2026 12:00,67
2947,03,15/3/2026 13:00,34
2948,03,15/3/2026 14:00,3
2949,03,15/3/2026 15:00,0
2950,04,15/3/2026 7:00,10
2951,04,15/3/2026 8:00,10
2952,04,15/3/2026 9:00,1
2953,04,15/3/2026 10:00,2
2954,04,15/3/2026 11:00,23
2955,04,15/3/2026 12:00,49
2956,04,15/3/2026 13:00,23
2957,04,15/3/2026 14:00,2
2958,04,15/3/2026 15:00,7
2959,04,15/3/2026 16:00,7
2960,04,15/3/2026 17:00,0
2961,01,16/3/2026 8:30,124
2962,01,16/3/2026 9:30,48
2963,01,16/3/2026 10:30,78
2964,01,16/3/2026 11:30,262
2965,01,16/3/2026 12:30,259
2966,01,16/3/2026 13:30,78
2967,01,16/3/2026 14:30,7
2968,01,16/3/2026 15:30,1
2969,01,16/3/2026 16:30,28
2970,01,16/3/2026 17:30,136
2971,01,16/3/2026 18:30,138
2972,02,16/3/2026 7:00,56
2973,02,16/3/2026 8:00,60
2974,02,16/3/2026 9:00,4
2975,02,16/3/2026 10:00,11
2976,02,16/3/2026 11:00,119
2977,02,16/3/2026 12:00,265
2978,02,16/3/2026 13:00,114
2979,02,16/3/2026 14:00,11
2980,02,16/3/2026 15:00,0
2981,03,16/3/2026 7:00,56
2982,03,16/3/2026 8:00,53
2983,03,16/3/2026 9:00,4
2984,03,16/3/2026 10:00,10
2985,03,16/3/2026 11:00,110
2986,03,16/3/2026 12:00,235
2987,03,16/3/2026 13:00,108
2988,03,16/3/2026 14:00,10
2989,03,16/3/2026 15:00,0
2990,04,16/3/2026 7:00,35
2991,04,16/3/2026 8:00,33
2992,04,16/3/2026 9:00,2
2993,04,16/3/2026 10:00,7
2994,04,16/3/2026 11:00,80
2995,04,16/3/2026 12:00,168
2996,04,16/3/2026 13:00,77
2997,04,16/3/2026 14:00,8
2998,04,16/3/2026 15:00,25
2999,04,16/3/2026 16:00,24
3000,04,16/3/2026 17:00,0
3001,01,17/3/2026 8:30,134
3002,01,17/3/2026 9:30,58
3003,01,17/3/2026 10:30,88
3004,01,17/3/2026 11:30,284
3005,01,17/3/2026 12:30,308
3006,01,17/3/2026 13:30,88
3007,01,17/3/2026 14:30,7
3008,01,17/3/2026 15:30,2
3009,01,17/3/2026 16:30,34
3010,01,17/3/2026 17:30,161
3011,01,17/3/2026 18:30,160
3012,02,17/3/2026 7:00,63
3013,02,17/3/2026 8:00,67
3014,02,17/3/2026 9:00,4
3015,02,17/3/2026 10:00,13
3016,02,17/3/2026 11:00,140
3017,02,17/3/2026 12:00,301
3018,02,17/3/2026 13:00,129
3019,02,17/3/2026 14:00,13
3020,02,17/3/2026 15:00,0
3021,03,17/3/2026 7:00,60
3022,03,17/3/2026 8:00,63
3023,03,17/3/2026 9:00,4
3024,03,17/3/2026 10:00,12
3025,03,17/3/2026 11:00,121
3026,03,17/3/2026 12:00,282
3027,03,17/3/2026 13:00,129
3028,03,17/3/2026 14:00,11
3029,03,17/3/2026 15:00,0
3030,04,17/3/2026 7:00,38
3031,04,17/3/2026 8:00,38
3032,04,17/3/2026 9:00,3
3033,04,17/3/2026 10:00,8
3034,04,17/3/2026 11:00,89
3035,04,17/3/2026 12:00,192
3036,04,17/3/2026 13:00,86
3037,04,17/3/2026 14:00,9
3038,04,17/3/2026 15:00,27
3039,04,17/3/2026 16:00,26
3040,04,17/3/2026 17:00,0
3041,01,18/3/2026 8:30,124
3042,01,18/3/2026 9:30,52
3043,01,18/3/2026 10:30,83
3044,01,18/3/2026 11:30,268
3045,01,18/3/2026 12:30,255
3046,01,18/3/2026 13:30,76
3047,01,18/3/2026 14:30,7
3048,01,18/3/2026 15:30,1
3049,01,18/3/2026 16:30,29
3050,01,18/3/2026 17:30,140
3051,01,18/3/2026 18:30,142
3052,02,18/3/2026 7:00,59
3053,02,18/3/2026 8:00,56
3054,02,18/3/2026 9:00,4
3055,02,18/3/2026 10:00,11
3056,02,18/3/2026 11:00,121
3057,02,18/3/2026 12:00,267
3058,02,18/3/2026 13:00,114
3059,02,18/3/2026 14:00,12
3060,02,18/3/2026 15:00,0
3061,03,18/3/2026 7:00,53
3062,03,18/3/2026 8:00,56
3063,03,18/3/2026 9:00,4
3064,03,18/3/2026 10:00,11
3065,03,18/3/2026 11:00,106
3066,03,18/3/2026 12:00,251
3067,03,18/3/2026 13:00,109
3068,03,18/3/2026 14:00,10
3069,03,18/3/2026 15:00,0
3070,04,18/3/2026 7:00,35
3071,04,18/3/2026 8:00,33
3072,04,18/3/2026 9:00,2
3073,04,18/3/2026 10:00,7
3074,04,18/3/2026 11:00,80
3075,04,18/3/2026 12:00,167
3076,04,18/3/2026 13:00,79
3077,04,18/3/2026 14:00,8
3078,04,18/3/2026 15:00,24
3079,04,18/3/2026 16:00,24
3080,04,18/3/2026 17:00,0
3081,01,19/3/2026 8:30,106
3082,01,19/3/2026 9:30,43
3083,01,19/3/2026 10:30,69
3084,01,19/3/2026 11:30,234
3085,01,19/3/2026 12:30,233
3086,01,19/3/2026 13:30,66
3087,01,19/3/2026 14:30,5
3088,01,19/3/2026 15:30,1
3089,01,19/3/2026 16:30,25
3090,01,19/3/2026 17:30,116
3091,01,19/3/2026 18:30,124
3092,02,19/3/2026 7:00,51
3093,02,19/3/2026 8:00,47
3094,02,19/3/2026 9:00,3
3095,02,19/3/2026 10:00,10
3096,02,19/3/2026 11:00,105
3097,02,19/3/2026 12:00,216
3098,02,19/3/2026 13:00,101
3099,02,19/3/2026 14:00,10
3100,02,19/3/2026 15:00,0
3101,03,19/3/2026 7:00,45
3102,03,19/3/2026 8:00,47
3103,03,19/3/2026 9:00,3
3104,03,19/3/2026 10:00,9
3105,03,19/3/2026 11:00,91
3106,03,19/3/2026 12:00,196
3107,03,19/3/2026 13:00,93
3108,03,19/3/2026 14:00,9
3109,03,19/3/2026 15:00,0
3110,04,19/3/2026 7:00,31
3111,04,19/3/2026 8:00,30
3112,04,19/3/2026 9:00,2
3113,04,19/3/2026 10:00,6
3114,04,19/3/2026 11:00,68
3115,04,19/3/2026 12:00,145
3116,04,19/3/2026 13:00,66
3117,04,19/3/2026 14:00,6
3118,04,19/3/2026 15:00,20
3119,04,19/3/2026 16:00,20
3120,04,19/3/2026 17:00,0
3121,01,20/3/2026 8:30,144
3122,01,20/3/2026 9:30,59
3123,01,20/3/2026 10:30,93
3124,01,20/3/2026 11:30,300
3125,01,20/3/2026 12:30,304
3126,01,20/3/2026 13:30,85
3127,01,20/3/2026 14:30,8
3128,01,20/3/2026 15:30,2
3129,01,20/3/2026 16:30,33
3130,01,20/3/2026 17:30,170
3131,01,20/3/2026 18:30,166
3132,02,20/3/2026 7:00,68
3133,02,20/3/2026 8:00,64
3134,02,20/3/2026 9:00,4
3135,02,20/3/2026 10:00,14
3136,02,20/3/2026 11:00,136
3137,02,20/3/2026 12:00,316
3138,02,20/3/2026 13:00,140
3139,02,20/3/2026 14:00,13
3140,02,20/3/2026 15:00,0
3141,03,20/3/2026 7:00,62
3142,03,20/3/2026 8:00,61
3143,03,20/3/2026 9:00,4
3144,03,20/3/2026 10:00,13
3145,03,20/3/2026 11:00,133
3146,03,20/3/2026 12:00,278
3147,03,20/3/2026 13:00,123
3148,03,20/3/2026 14:00,12
3149,03,20/3/2026 15:00,0
3150,04,20/3/2026 7:00,42
3151,04,20/3/2026 8:00,40
3152,04,20/3/2026 9:00,3
3153,04,20/3/2026 10:00,9
3154,04,20/3/2026 11:00,87
3155,04,20/3/2026 12:00,186
3156,04,20/3/2026 13:00,85
3157,04,20/3/2026 14:00,9
3158,04,20/3/2026 15:00,28
3159,04,20/3/2026 16:00,29
3160,04,20/3/2026 17:00,0
3161,01,21/3/2026 8:30,33
3162,01,21/3/2026 9:30,13
3163,01,21/3/2026 10:30,20
3164,01,21/3/2026 11:30,72
3165,01,21/3/2026 12:30,73
3166,01,21/3/2026 13:30,21
3167,01,21/3/2026 14:30,2
3168,01,21/3/2026 15:30,0
3169,01,21/3/2026 16:30,8
3170,01,21/3/2026 17:30,38
3171,01,21/3/2026 18:30,38
3172,02,21/3/2026 7:00,16
3173,02,21/3/2026 8:00,16
3174,02,21/3/2026 9:00,1
3175,02,21/3/2026 10:00,3
3176,02,21/3/2026 11:00,31
3177,02,21/3/2026 12:00,66
3178,02,21/3/2026 13:00,32
3179,02,21/3/2026 14:00,3
3180,02,21/3/2026 15:00,0
3181,03,21/3/2026 7:00,15
3182,03,21/3/2026 8:00,14
3183,03,21/3/2026 9:00,1
3184,03,21/3/2026 10:00,3
3185,03,21/3/2026 11:00,30
3186,03,21/3/2026 12:00,65
3187,03,21/3/2026 13:00,29
3188,03,21/3/2026 14:00,3
3189,03,21/3/2026 15:00,0
3190,04,21/3/2026 7:00,9
3191,04,21/3/2026 8:00,9
3192,04,21/3/2026 9:00,1
3193,04,21/3/2026 10:00,2
3194,04,21/3/2026 11:00,20
3195,04,21/3/2026 12:00,45
3196,04,21/3/2026 13:00,21
3197,04,21/3/2026 14:00,2
3198,04,21/3/2026 15:00,6
3199,04,21/3/2026 16:00,6
3200,04,21/3/2026 17:00,0
3201,01,22/3/2026 8:30,28
3202,01,22/3/2026 9:30,11
3203,01,22/3/2026 10:30,18
3204,01,22/3/2026 11:30,59
3205,01,22/3/2026 12:30,59
3206,01,22/3/2026 13:30,17
3207,01,22/3/2026 14:30,2
3208,01,22/3/2026 15:30,0
3209,01,22/3/2026 16:30,7
3210,01,22/3/2026 17:30,32
3211,01,22/3/2026 18:30,34
3212,02,22/3/2026 7:00,13
3213,02,22/3/2026 8:00,14
3214,02,22/3/2026 9:00,1
3215,02,22/3/2026 10:00,3
3216,02,22/3/2026 11:00,27
3217,02,22/3/2026 12:00,58
3218,02,22/3/2026 13:00,26
3219,02,22/3/2026 14:00,3
3220,02,22/3/2026 15:00,0
3221,03,22/3/2026 7:00,12
3222,03,22/3/2026 8:00,12
3223,03,22/3/2026 9:00,1
3224,03,22/3/2026 10:00,3
3225,03,22/3/2026 11:00,25
3226,03,22/3/2026 12:00,54
3227,03,22/3/2026 13:00,26
3228,03,22/3/2026 14:00,2
3229,03,22/3/2026 15:00,0
3230,04,22/3/2026 7:00,8
3231,04,22/3/2026 8:00,8
3232,04,22/3/2026 9:00,1
3233,04,22/3/2026 10:00,2
3234,04,22/3/2026 11:00,17
3235,04,22/3/2026 12:00,39
3236,04,22/3/2026 13:00,17
3237,04,22/3/2026 14:00,2
3238,04,22/3/2026 15:00,5
3239,04,22/3/2026 16:00,6
3240,04,22/3/2026 17:00,0
3241,01,23/3/2026 8:30,124
3242,01,23/3/2026 9:30,50
3243,01,23/3/2026 10:30,84
3244,01,23/3/2026 11:30,266
3245,01,23/3/2026 12:30,256
3246,01,23/3/2026 13:30,76
3247,01,23/3/2026 14:30,7
3248,01,23/3/2026 15:30,1
3249,01,23/3/2026 16:30,30
3250,01,23/3/2026 17:30,148
3251,01,23/3/2026 18:30,139
3252,02,23/3/2026 7:00,60
3253,02,23/3/2026 8:00,60
3254,02,23/3/2026 9:00,4
3255,02,23/3/2026 10:00,12
3256,02,23/3/2026 11:00,119
3257,02,23/3/2026 12:00,255
3258,02,23/3/2026 13:00,120
3259,02,23/3/2026 14:00,12
3260,02,23/3/2026 15:00,0
3261,03,23/3/2026 7:00,57
3262,03,23/3/2026 8:00,54
3263,03,23/3/2026 9:00,4
3264,03,23/3/2026 10:00,11
3265,03,23/3/2026 11:00,114
3266,03,23/3/2026 12:00,242
3267,03,23/3/2026 13:00,117
3268,03,23/3/2026 14:00,11
3269,03,23/3/2026 15:00,0
3270,04,23/3/2026 7:00,37
3271,04,23/3/2026 8:00,35
3272,04,23/3/2026 9:00,2
3273,04,23/3/2026 10:00,8
3274,04,23/3/2026 11:00,81
3275,04,23/3/2026 12:00,168
3276,04,23/3/2026 13:00,75
3277,04,23/3/2026 14:00,8
3278,04,23/3/2026 15:00,23
3279,04,23/3/2026 16:00,25
3280,04,23/3/2026 17:00,0
3281,01,24/3/2026 8:30,99
3282,01,24/3/2026 9:30,42
3283,01,24/3/2026 10:30,63
3284,01,24/3/2026 11:30,229
3285,01,24/3/2026 12:30,215
3286,01,24/3/2026 13:30,64
3287,01,24/3/2026 14:30,5
3288,01,24/3/2026 15:30,1
3289,01,24/3/2026 16:30,25
3290,01,24/3/2026 17:30,120
3291,01,24/3/2026 18:30,112
3292,02,24/3/2026 7:00,49
3293,02,24/3/2026 8:00,48
3294,02,24/3/2026 9:00,3
3295,02,24/3/2026 10:00,10
3296,02,24/3/2026 11:00,99
3297,02,24/3/2026 12:00,210
3298,02,24/3/2026 13:00,102
3299,02,24/3/2026 14:00,10
3300,02,24/3/2026 15:00,0
3301,03,24/3/2026 7:00,46
3302,03,24/3/2026 8:00,46
3303,03,24/3/2026 9:00,3
3304,03,24/3/2026 10:00,9
3305,03,24/3/2026 11:00,89
3306,03,24/3/2026 12:00,209
3307,03,24/3/2026 13:00,89
3308,03,24/3/2026 14:00,9
3309,03,24/3/2026 15:00,0
3310,04,24/3/2026 7:00,28
3311,04,24/3/2026 8:00,28
3312,04,24/3/2026 9:00,2
3313,04,24/3/2026 10:00,6
3314,04,24/3/2026 11:00,62
3315,04,24/3/2026 12:00,139
3316,04,24/3/2026 13:00,62
3317,04,24/3/2026 14:00,7
3318,04,24/3/2026 15:00,20
3319,04,24/3/2026 16:00,19
3320,04,24/3/2026 17:00,0
3321,01,25/3/2026 8:30,107
3322,01,25/3/2026 9:30,42
3323,01,25/3/2026 10:30,64
3324,01,25/3/2026 11:30,229
3325,01,25/3/2026 12:30,234
3326,01,25/3/2026 13:30,68
3327,01,25/3/2026 14:30,6
3328,01,25/3/2026 15:30,1
3329,01,25/3/2026 16:30,24
3330,01,25/3/2026 17:30,120
3331,01,25/3/2026 18:30,123
3332,02,25/3/2026 7:00,47
3333,02,25/3/2026 8:00,48
3334,02,25/3/2026 9:00,3
3335,02,25/3/2026 10:00,10
3336,02,25/3/2026 11:00,99
3337,02,25/3/2026 12:00,221
3338,02,25/3/2026 13:00,97
3339,02,25/3/2026 14:00,9
3340,02,25/3/2026 15:00,0
3341,03,25/3/2026 7:00,45
3342,03,25/3/2026 8:00,47
3343,03,25/3/2026 9:00,3
3344,03,25/3/2026 10:00,9
3345,03,25/3/2026 11:00,90
3346,03,25/3/2026 12:00,211
3347,03,25/3/2026 13:00,90
3348,03,25/3/2026 14:00,9
3349,03,25/3/2026 15:00,0
3350,04,25/3/2026 7:00,28
3351,04,25/3/2026 8:00,29
3352,04,25/3/2026 9:00,2
3353,04,25/3/2026 10:00,6
3354,04,25/3/2026 11:00,67
3355,04,25/3/2026 12:00,136
3356,04,25/3/2026 13:00,67
3357,04,25/3/2026 14:00,6
3358,04,25/3/2026 15:00,20
3359,04,25/3/2026 16:00,21
3360,04,25/3/2026 17:00,0
3361,01,26/3/2026 8:30,115
3362,01,26/3/2026 9:30,47
3363,01,26/3/2026 10:30,74
3364,01,26/3/2026 11:30,251
3365,01,26/3/2026 12:30,235
3366,01,26/3/2026 13:30,72
3367,01,26/3/2026 14:30,6
3368,01,26/3/2026 15:30,1
3369,01,26/3/2026 16:30,26
3370,01,26/3/2026 17:30,129
3371,01,26/3/2026 18:30,131
3372,02,26/3/2026 7:00,55
3373,02,26/3/2026 8:00,55
3374,02,26/3/2026 9:00,3
3375,02,26/3/2026 10:00,10
3376,02,26/3/2026 11:00,109
3377,02,26/3/2026 12:00,229
3378,02,26/3/2026 13:00,112
3379,02,26/3/2026 14:00,11
3380,02,26/3/2026 15:00,0
3381,03,26/3/2026 7:00,48
3382,03,26/3/2026 8:00,52
3383,03,26/3/2026 9:00,3
3384,03,26/3/2026 10:00,10
3385,03,26/3/2026 11:00,98
3386,03,26/3/2026 12:00,218
3387,03,26/3/2026 13:00,100
3388,03,26/3/2026 14:00,10
3389,03,26/3/2026 15:00,0
3390,04,26/3/2026 7:00,33
3391,04,26/3/2026 8:00,32
3392,04,26/3/2026 9:00,2
3393,04,26/3/2026 10:00,7
3394,04,26/3/2026 11:00,72
3395,04,26/3/2026 12:00,151
3396,04,26/3/2026 13:00,71
3397,04,26/3/2026 14:00,7
3398,04,26/3/2026 15:00,21
3399,04,26/3/2026 16:00,22
3400,04,26/3/2026 17:00,0
3401,01,27/3/2026 8:30,111
3402,01,27/3/2026 9:30,45
3403,01,27/3/2026 10:30,74
3404,01,27/3/2026 11:30,241
3405,01,27/3/2026 12:30,251
3406,01,27/3/2026 13:30,67
3407,01,27/3/2026 14:30,6
3408,01,27/3/2026 15:30,1
3409,01,27/3/2026 16:30,28
3410,01,27/3/2026 17:30,132
3411,01,27/3/2026 18:30,133
3412,02,27/3/2026 7:00,50
3413,02,27/3/2026 8:00,53
3414,02,27/3/2026 9:00,3
3415,02,27/3/2026 10:00,11
3416,02,27/3/2026 11:00,103
3417,02,27/3/2026 12:00,230
3418,02,27/3/2026 13:00,110
3419,02,27/3/2026 14:00,10
3420,02,27/3/2026 15:00,0
3421,03,27/3/2026 7:00,49
3422,03,27/3/2026 8:00,50
3423,03,27/3/2026 9:00,3
3424,03,27/3/2026 10:00,10
3425,03,27/3/2026 11:00,100
3426,03,27/3/2026 12:00,211
3427,03,27/3/2026 13:00,100
3428,03,27/3/2026 14:00,10
3429,03,27/3/2026 15:00,0
3430,04,27/3/2026 7:00,31
3431,04,27/3/2026 8:00,32
3432,04,27/3/2026 9:00,2
3433,04,27/3/2026 10:00,6
3434,04,27/3/2026 11:00,70
3435,04,27/3/2026 12:00,153
3436,04,27/3/2026 13:00,68
3437,04,27/3/2026 14:00,7
3438,04,27/3/2026 15:00,21
3439,04,27/3/2026 16:00,22
3440,04,27/3/2026 17:00,0
3441,01,28/3/2026 8:30,26
3442,01,28/3/2026 9:30,11
3443,01,28/3/2026 10:30,18
3444,01,28/3/2026 11:30,61
3445,01,28/3/2026 12:30,61
3446,01,28/3/2026 13:30,18
3447,01,28/3/2026 14:30,2
3448,01,28/3/2026 15:30,0
3449,01,28/3/2026 16:30,6
3450,01,28/3/2026 17:30,33
3451,01,28/3/2026 18:30,31
3452,02,28/3/2026 7:00,13
3453,02,28/3/2026 8:00,14
3454,02,28/3/2026 9:00,1
3455,02,28/3/2026 10:00,3
3456,02,28/3/2026 11:00,27
3457,02,28/3/2026 12:00,61
3458,02,28/3/2026 13:00,26
3459,02,28/3/2026 14:00,3
3460,02,28/3/2026 15:00,0
3461,03,28/3/2026 7:00,13
3462,03,28/3/2026 8:00,13
3463,03,28/3/2026 9:00,1
3464,03,28/3/2026 10:00,2
3465,03,28/3/2026 11:00,25
3466,03,28/3/2026 12:00,58
3467,03,28/3/2026 13:00,25
3468,03,28/3/2026 14:00,2
3469,03,28/3/2026 15:00,0
3470,04,28/3/2026 7:00,8
3471,04,28/3/2026 8:00,8
3472,04,28/3/2026 9:00,1
3473,04,28/3/2026 10:00,2
3474,04,28/3/2026 11:00,18
3475,04,28/3/2026 12:00,38
3476,04,28/3/2026 13:00,18
3477,04,28/3/2026 14:00,2
3478,04,28/3/2026 15:00,6
3479,04,28/3/2026 16:00,6
3480,04,28/3/2026 17:00,0
3481,01,29/3/2026 8:30,29
3482,01,29/3/2026 9:30,12
3483,01,29/3/2026 10:30,20
3484,01,29/3/2026 11:30,66
3485,01,29/3/2026 12:30,64
3486,01,29/3/2026 13:30,19
3487,01,29/3/2026 14:30,2
3488,01,29/3/2026 15:30,0
3489,01,29/3/2026 16:30,7
3490,01,29/3/2026 17:30,35
3491,01,29/3/2026 18:30,33
3492,02,29/3/2026 7:00,14
3493,02,29/3/2026 8:00,14
3494,02,29/3/2026 9:00,1
3495,02,29/3/2026 10:00,3
3496,02,29/3/2026 11:00,29
3497,02,29/3/2026 12:00,66
3498,02,29/3/2026 13:00,30
3499,02,29/3/2026 14:00,3
3500,02,29/3/2026 15:00,0
3501,03,29/3/2026 7:00,14
3502,03,29/3/2026 8:00,14
3503,03,29/3/2026 9:00,1
3504,03,29/3/2026 10:00,2
3505,03,29/3/2026 11:00,27
3506,03,29/3/2026 12:00,60
3507,03,29/3/2026 13:00,28
3508,03,29/3/2026 14:00,3
3509,03,29/3/2026 15:00,0
3510,04,29/3/2026 7:00,9
3511,04,29/3/2026 8:00,9
3512,04,29/3/2026 9:00,1
3513,04,29/3/2026 10:00,2
3514,04,29/3/2026 11:00,18
3515,04,29/3/2026 12:00,41
3516,04,29/3/2026 13:00,18
3517,04,29/3/2026 14:00,2
3518,04,29/3/2026 15:00,6
3519,04,29/3/2026 16:00,6
3520,04,29/3/2026 17:00,0
3521,01,30/3/2026 8:30,139
3522,01,30/3/2026 9:30,59
3523,01,30/3/2026 10:30,90
3524,01,30/3/2026 11:30,294
3525,01,30/3/2026 12:30,301
3526,01,30/3/2026 13:30,89
3527,01,30/3/2026 14:30,8
3528,01,30/3/2026 15:30,2
3529,01,30/3/2026 16:30,34
3530,01,30/3/2026 17:30,167
3531,01,30/3/2026 18:30,169
3532,02,30/3/2026 7:00,66
3533,02,30/3/2026 8:00,70
3534,02,30/3/2026 9:00,5
3535,02,30/3/2026 10:00,13
3536,02,30/3/2026 11:00,131
3537,02,30/3/2026 12:00,291
3538,02,30/3/2026 13:00,140
3539,02,30/3/2026 14:00,13
3540,02,30/3/2026 15:00,0
3541,03,30/3/2026 7:00,60
3542,03,30/3/2026 8:00,61
3543,03,30/3/2026 9:00,4
3544,03,30/3/2026 10:00,13
3545,03,30/3/2026 11:00,131
3546,03,30/3/2026 12:00,274
3547,03,30/3/2026 13:00,131
3548,03,30/3/2026 14:00,12
3549,03,30/3/2026 15:00,0
3550,04,30/3/2026 7:00,38
3551,04,30/3/2026 8:00,42
3552,04,30/3/2026 9:00,3
3553,04,30/3/2026 10:00,9
3554,04,30/3/2026 11:00,90
3555,04,30/3/2026 12:00,194
3556,04,30/3/2026 13:00,86
3557,04,30/3/2026 14:00,9
3558,04,30/3/2026 15:00,28
3559,04,30/3/2026 16:00,27
3560,04,30/3/2026 17:00,1
3561,01,31/3/2026 8:30,136
3562,01,31/3/2026 9:30,60
3563,01,31/3/2026 10:30,95
3564,01,31/3/2026 11:30,297
3565,01,31/3/2026 12:30,304
3566,01,31/3/2026 13:30,84
3567,01,31/3/2026 14:30,7
3568,01,31/3/2026 15:30,2
3569,01,31/3/2026 16:30,35
3570,01,31/3/2026 17:30,167
3571,01,31/3/2026 18:30,167
3572,02,31/3/2026 7:00,69
3573,02,31/3/2026 8:00,68
3574,02,31/3/2026 9:00,4
3575,02,31/3/2026 10:00,13
3576,02,31/3/2026 11:00,137
3577,02,31/3/2026 12:00,301
3578,02,31/3/2026 13:00,140
3579,02,31/3/2026 14:00,14
3580,02,31/3/2026 15:00,0
3581,03,31/3/2026 7:00,60
3582,03,31/3/2026 8:00,63
3583,03,31/3/2026 9:00,4
3584,03,31/3/2026 10:00,12
3585,03,31/3/2026 11:00,127
3586,03,31/3/2026 12:00,273
3587,03,31/3/2026 13:00,126
3588,03,31/3/2026 14:00,12
3589,03,31/3/2026 15:00,0
3590,04,31/3/2026 7:00,40
3591,04,31/3/2026 8:00,39
3592,04,31/3/2026 9:00,3
3593,04,31/3/2026 10:00,9
3594,04,31/3/2026 11:00,84
3595,04,31/3/2026 12:00,184
3596,04,31/3/2026 13:00,86
3597,04,31/3/2026 14:00,8
3598,04,31/3/2026 15:00,29
3599,04,31/3/2026 16:00,28
3600,04,31/3/2026 17:00,1
